state,county,GDPpercapita,Population Estimate
Alabama,Autauga,28.91,59759.0
Alabama,Baldwin,35.46,246435.0
Alabama,Barbour,30.27,24706.0
Alabama,Bibb,20.82,22005.0
Alabama,Blount,17.23,59512.0
Alabama,Bullock,25.3,10202.0
Alabama,Butler,33.99,18650.0
Alabama,Calhoun,39.94,115788.0
Alabama,Chambers,25.57,34088.0
Alabama,Cherokee,23.53,25302.0
Alabama,Chilton,23.69,45884.0
Alabama,Choctaw,46.13,12439.0
Alabama,Clarke,37.53,22515.0
Alabama,Clay,30.51,14198.0
Alabama,Cleburne,20.61,15346.0
Alabama,Coffee,29.33,54805.0
Alabama,Colbert,43.97,58033.0
Alabama,Conecuh,33.86,11206.0
Alabama,Coosa,17.47,10166.0
Alabama,Covington,33.32,37602.0
Alabama,Crenshaw,32.04,13025.0
Alabama,Cullman,33.31,90665.0
Alabama,Dale,58.36,49544.0
Alabama,Dallas,34.25,36767.0
Alabama,De Kalb,29.45,71998.0
Alabama,Elmore,22.76,89563.0
Alabama,Escambia,32.71,36666.0
Alabama,Etowah,28.14,103088.0
Alabama,Fayette,21.52,16118.0
Alabama,Franklin,30.62,31932.0
Alabama,Geneva,21.61,26783.0
Alabama,Greene,26.21,7422.0
Alabama,Hale,17.14,14595.0
Alabama,Henry,26.3,17655.0
Alabama,Houston,53.71,108079.0
Alabama,Jackson,28.77,52891.0
Alabama,Jefferson,71.81,665409.0
Alabama,Lamar,24.28,13705.0
Alabama,Lauderdale,28.7,95878.0
Alabama,Lawrence,18.09,33214.0
Alabama,Lee,36.3,180773.0
Alabama,Limestone,40.16,110900.0
Alabama,Lowndes,39.73,9777.0
Alabama,Macon,29.08,18516.0
Alabama,Madison,69.0,403565.0
Alabama,Marengo,44.02,18745.0
Alabama,Marion,31.94,29156.0
Alabama,Marshall,37.5,99423.0
Alabama,Mobile,52.04,411411.0
Alabama,Monroe,33.32,19404.0
Alabama,Montgomery,62.86,226361.0
Alabama,Morgan,46.95,124211.0
Alabama,Perry,23.15,8035.0
Alabama,Pickens,23.14,18697.0
Alabama,Pike,46.19,33014.0
Alabama,Randolph,22.35,22479.0
Alabama,Russell,27.4,58555.0
Alabama,Shelby,55.74,230115.0
Alabama,St Clair,22.15,93932.0
Alabama,Sumter,26.85,11853.0
Alabama,Talladega,38.95,80704.0
Alabama,Tallapoosa,34.32,40977.0
Alabama,Tuscaloosa,43.95,236780.0
Alabama,Walker,26.03,64339.0
Alabama,Washington,57.43,15122.0
Alabama,Wilcox,34.94,10059.0
Alabama,Winston,34.11,23755.0
Alaska,Anchorage,86186.17525275839,288121.0
Alaska,Denali,179721.28060263654,1593.0
Alaska,Kodiak Island,66345.42895127865,12787.0
Alaska,Southeast Fairbanks,109063.41463414632,6970.0
Arizona,Apache,35.84,65432.0
Arizona,Cochise,38.82,125663.0
Arizona,Coconino,51.95,144060.0
Arizona,Gila,34.38,53922.0
Arizona,Graham,35.08,38779.0
Arizona,Greenlee,205.48,9302.0
Arizona,La Paz,44.85,16506.0
Arizona,Maricopa,62.94,4551524.0
Arizona,Mohave,32329.64463554012,217692.0
Arizona,Navajo,25.93,108650.0
Arizona,Pima,44.5,1057597.0
Arizona,Pinal,21.22,464154.0
Arizona,Santa Cruz,41.29,48759.0
Arizona,Yavapai,32.85,246191.0
Arizona,Yuma,36.85,207842.0
Arkansas,Arkansas,69.99,16512.0
Arkansas,Ashley,39.46,18354.0
Arkansas,Baxter,37.52,42435.0
Arkansas,Benton,59.4,302863.0
Arkansas,Boone,36.59,38284.0
Arkansas,Bradley,33.65,10135.0
Arkansas,Calhoun,78.92,4695.0
Arkansas,Carroll,31.59,28742.0
Arkansas,Chicot,30.34,9873.0
Arkansas,Clark,36.65,21250.0
Arkansas,Clay,26.3,14265.0
Arkansas,Cleburne,24.97,25284.0
Arkansas,Cleveland,16.97,7467.0
Arkansas,Columbia,42.84,22216.0
Arkansas,Conway,35.08,21046.0
Arkansas,Craighead,47.1,113017.0
Arkansas,Crawford,28.37,61075.0
Arkansas,Crittenden,36.99,47061.0
Arkansas,Cross,27.23,16601.0
Arkansas,Dallas,40.71,6191.0
Arkansas,Desha,53.19,10771.0
Arkansas,Drew,35.96,16911.0
Arkansas,Faulkner,31.65,127665.0
Arkansas,Franklin,24.27,17271.0
Arkansas,Fulton,15.82,12382.0
Arkansas,Garland,34.86,100089.0
Arkansas,Grant,23.21,18160.0
Arkansas,Greene,33.87,46448.0
Arkansas,Hempstead,49.04,19453.0
Arkansas,Hot Spring,31.17,33203.0
Arkansas,Howard,49.47,12557.0
Arkansas,Independence,47.3,37945.0
Arkansas,Izard,19.65,14048.0
Arkansas,Jackson,41.6,16624.0
Arkansas,Jefferson,46.66,64246.0
Arkansas,Johnson,26.94,26001.0
Arkansas,Lafayette,22.12,6101.0
Arkansas,Lawrence,26.31,16205.0
Arkansas,Lee,24.04,8364.0
Arkansas,Lincoln,20.53,12916.0
Arkansas,Little River,41.73,11821.0
Arkansas,Logan,21.33,21253.0
Arkansas,Lonoke,19.2,75225.0
Arkansas,Madison,24.4,17486.0
Arkansas,Marion,34.74,17254.0
Arkansas,Miller,31.52,42552.0
Arkansas,Mississippi,76.07,38896.0
Arkansas,Monroe,30.33,6564.0
Arkansas,Nevada,28.5,8181.0
Arkansas,Newton,14.52,7078.0
Arkansas,Ouachita,28.54,22049.0
Arkansas,Perry,16.24,10063.0
Arkansas,Phillips,37.68,15304.0
Arkansas,Pike,25.54,10179.0
Arkansas,Poinsett,27.3,22495.0
Arkansas,Polk,29.21,19337.0
Arkansas,Pope,44.93,64065.0
Arkansas,Prairie,24.65,8069.0
Arkansas,Pulaski,75.58,399145.0
Arkansas,Randolph,28.73,18837.0
Arkansas,Saline,22.82,127357.0
Arkansas,Scott,33.68,9805.0
Arkansas,Searcy,23.12,7918.0
Arkansas,Sebastian,53.6,129059.0
Arkansas,Sevier,31.16,15686.0
Arkansas,Sharp,20.22,17810.0
Arkansas,St Francis,32.89,22451.0
Arkansas,Stone,19.91,12575.0
Arkansas,Union,67.22,37752.0
Arkansas,Van Buren,23.37,16102.0
Arkansas,Washington,50.83,256054.0
Arkansas,White,30.18,77755.0
Arkansas,Woodruff,41.03,6049.0
Arkansas,Yell,30.65,20129.0
California,Alameda,89.38,1628997.0
California,Alpine,89.32,1190.0
California,Amador,38.05,41412.0
California,Butte,43.75,207303.0
California,Calaveras,28.86,46563.0
California,Colusa,61.42,21914.0
California,Contra Costa,66.74,1156966.0
California,Del Norte,29.76,27082.0
California,El Dorado,42.16,192646.0
California,Fresno,45.13,1015190.0
California,Glenn,37.96,28339.0
California,Humboldt,40.94,135010.0
California,Imperial,45.89,178713.0
California,Inyo,59.3,18718.0
California,Kern,49.49,916108.0
California,Kings,43.09,152981.0
California,Lake,27.99,68191.0
California,Lassen,38.33,29904.0
California,Los Angeles,79.6,9721138.0
California,Madera,40.0,160256.0
California,Marin,118.58,256018.0
California,Mariposa,39.97,17020.0
California,Mendocino,39.76,89783.0
California,Merced,31.85,290014.0
California,Modoc,52.32,8511.0
California,Mono,79.04,12978.0
California,Monterey,62.82,432858.0
California,Napa,84.75,134300.0
California,Nevada,43.56,102293.0
California,Orange,85.09,3151184.0
California,Placer,62.38,417772.0
California,Plumas,42.47,19351.0
California,Riverside,38.14,2473902.0
California,Sacramento,61.38,1584169.0
California,San Benito,34.12,67579.0
California,San Bernardino,45.28,2193656.0
California,San Diego,76.33,3276208.0
California,San Francisco,296.49,808437.0
California,San Joaquin,42.05,793229.0
California,San Luis Obispo,62.0,282013.0
California,San Mateo,224.08,729181.0
California,Santa Barbara,70.67,443837.0
California,Santa Clara,206.21,1870945.0
California,Santa Cruz,61.98,264370.0
California,Shasta,45.17,180930.0
California,Sierra,27.37,3217.0
California,Siskiyou,36.68,43660.0
California,Solano,68.02,448747.0
California,Sonoma,65.04,482650.0
California,Stanislaus,42.68,551275.0
California,Sutter,38.68,98503.0
California,Tehama,31.54,65245.0
California,Trinity,24.02,15781.0
California,Tulare,38.3,477544.0
California,Tuolumne,42.3,54531.0
California,Ventura,63.54,832605.0
California,Yolo,69.9,222115.0
California,Yuba,38.0,84310.0
Colorado,Adams,57.23,527575.0
Colorado,Alamosa,42.04,16592.0
Colorado,Arapahoe,77.86,655808.0
Colorado,Archuleta,38.81,14003.0
Colorado,Baca,36.99,3432.0
Colorado,Bent,23.9,5399.0
Colorado,Boulder,95.17,327468.0
Colorado,Broomfield,121.12,76121.0
Colorado,Chaffee,43.38,20223.0
Colorado,Cheyenne,154.75,1732.0
Colorado,Clear Creek,48.44,9355.0
Colorado,Conejos,26.42,7579.0
Colorado,Costilla,22.27,3603.0
Colorado,Crowley,21.12,5614.0
Colorado,Custer,28.64,5335.0
Colorado,Delta,26.85,31602.0
Colorado,Denver,126.36,713252.0
Colorado,Dolores,39.24,2455.0
Colorado,Douglas,58.2,375988.0
Colorado,Eagle,83.26,55285.0
Colorado,El Paso,53.88,740567.0
Colorado,Elbert,28.12,27799.0
Colorado,Fremont,29.73,49621.0
Colorado,Garfield,60.06,62271.0
Colorado,Gilpin,113.27,5891.0
Colorado,Grand,63.36,15769.0
Colorado,Gunnison,61.74,17267.0
Colorado,Hinsdale,49.21,775.0
Colorado,Huerfano,34.96,7082.0
Colorado,Jackson,82.87,1302.0
Colorado,Jefferson,60.09,576143.0
Colorado,Kiowa,65.18,1424.0
Colorado,Kit Carson,70.96,6961.0
Colorado,La Plata,55.5,56607.0
Colorado,Lake,43.41,7327.0
Colorado,Larimer,59.67,366778.0
Colorado,Las Animas,35.28,14327.0
Colorado,Lincoln,69.43,5510.0
Colorado,Logan,49.84,20823.0
Colorado,Mesa,43.41,158636.0
Colorado,Mineral,63.57,931.0
Colorado,Moffat,79.96,13177.0
Colorado,Montezuma,49.99,26468.0
Colorado,Montrose,37.1,43811.0
Colorado,Morgan,51.88,29239.0
Colorado,Otero,31.8,18303.0
Colorado,Ouray,52.14,5100.0
Colorado,Park,25.28,17939.0
Colorado,Phillips,44.44,4449.0
Colorado,Pitkin,146.92,16876.0
Colorado,Prowers,42.72,11854.0
Colorado,Pueblo,39.02,169544.0
Colorado,Rio Blanco,86.35,6569.0
Colorado,Rio Grande,38.64,11325.0
Colorado,Routt,84.59,25007.0
Colorado,Saguache,29.54,6623.0
Colorado,San Juan,47.43,803.0
Colorado,San Miguel,94.35,8003.0
Colorado,Sedgwick,34.95,2295.0
Colorado,Summit,93.63,30565.0
Colorado,Teller,41.21,24857.0
Colorado,Washington,35.04,4812.0
Colorado,Weld,57.62,350176.0
Colorado,Yuma,44.03,9899.0
Connecticut,Fairfield,102891.27164064648,959768.0
Connecticut,Hartford,99799.19474072703,896854.0
Connecticut,Litchfield,50579.36216216216,185000.0
Connecticut,Middlesex,64640.04394297125,164759.0
Connecticut,New Haven,66621.74481880282,863700.0
Connecticut,New London,77167.63825077658,268805.0
Connecticut,Tolland,42266.00706619736,150293.0
Connecticut,Windham,47195.2103626587,116418.0
Delaware,Kent,44.15,186946.0
Delaware,New Castle,90.42,575494.0
Delaware,Sussex,55.3,255956.0
District of Columbia,District of Columbia,212.38,671803.0
Florida,Alachua,52.59,284030.0
Florida,Baker,26.46,27803.0
Florida,Bay,51.32,185134.0
Florida,Bradford,23.39,27313.0
Florida,Brevard,46.28,630693.0
Florida,Broward,61.29,1947026.0
Florida,Calhoun,22.14,13464.0
Florida,Charlotte,30.76,202661.0
Florida,Citrus,27.44,162529.0
Florida,Clay,25.79,226589.0
Florida,Collier,57.3,397994.0
Florida,Columbia,32.57,71908.0
Florida,De Soto,26.64,35312.0
Florida,Dixie,16.4,17124.0
Florida,Duval,71.55,1016536.0
Florida,Escambia,52.58,324878.0
Florida,Flagler,25.35,126705.0
Florida,Franklin,29.37,12498.0
Florida,Gadsden,28.37,43403.0
Florida,Gilchrist,19.91,18992.0
Florida,Glades,23.86,12454.0
Florida,Gulf,29.58,15314.0
Florida,Hamilton,38.02,13217.0
Florida,Hardee,36.87,25645.0
Florida,Hendry,31.62,41339.0
Florida,Hernando,22.52,206896.0
Florida,Highlands,23.8,105618.0
Florida,Hillsborough,68.83,1513301.0
Florida,Holmes,19.31,19651.0
Florida,Indian River,47.18,167352.0
Florida,Jackson,27.61,48211.0
Florida,Jefferson,17.35,15042.0
Florida,Lafayette,18.38,7786.0
Florida,Lake,27.63,410139.0
Florida,Lee,43.52,822453.0
Florida,Leon,53.87,297369.0
Florida,Levy,22.36,45260.0
Florida,Liberty,38.28,7603.0
Florida,Madison,23.52,18198.0
Florida,Manatee,39.36,429125.0
Florida,Marion,28.9,396415.0
Florida,Martin,51.18,162006.0
Florida,Miami-Dade,65.22,2673837.0
Florida,Monroe,68.18,81708.0
Florida,Nassau,33.52,97899.0
Florida,Okaloosa,63.64,216482.0
Florida,Okeechobee,39.79,40412.0
Florida,Orange,74.33,1452726.0
Florida,Osceola,29.36,422545.0
Florida,Palm Beach,63.76,1518477.0
Florida,Pasco,25.39,608794.0
Florida,Pinellas,56.92,961739.0
Florida,Polk,37.88,787404.0
Florida,Putnam,28.59,74731.0
Florida,Santa Rosa,26.47,198268.0
Florida,Sarasota,50.49,462286.0
Florida,Seminole,51.7,478772.0
Florida,St Johns,38.2,306841.0
Florida,St Lucie,30.2,358704.0
Florida,Sumter,30.79,144970.0
Florida,Suwannee,26.34,45411.0
Florida,Taylor,34.0,21283.0
Florida,Union,21.66,15460.0
Florida,Volusia,34.19,579192.0
Florida,Wakulla,22.7,35178.0
Florida,Walton,49.09,83304.0
Florida,Washington,24.89,25414.0
Georgia,Appling,83.02,18428.0
Georgia,Atkinson,29.92,8183.0
Georgia,Bacon,30.83,11191.0
Georgia,Baker,25.93,2788.0
Georgia,Baldwin,31.92,43635.0
Georgia,Banks,21.4,19328.0
Georgia,Barrow,28.13,89299.0
Georgia,Bartow,45.66,112816.0
Georgia,Ben Hill,33.03,17069.0
Georgia,Berrien,21.33,18214.0
Georgia,Bibb,54.76,156197.0
Georgia,Bleckley,18.68,12257.0
Georgia,Brantley,14.9,18183.0
Georgia,Brooks,29.37,16253.0
Georgia,Bryan,26.08,48225.0
Georgia,Bulloch,30.79,83059.0
Georgia,Burke,116.61,24388.0
Georgia,Butts,27.16,26649.0
Georgia,Calhoun,22.24,5469.0
Georgia,Camden,33.5,57013.0
Georgia,Candler,26.46,11000.0
Georgia,Carroll,40.33,124592.0
Georgia,Catoosa,24.42,68826.0
Georgia,Charlton,15.85,12781.0
Georgia,Chatham,67.48,301107.0
Georgia,Chattahoochee,188.91,8819.0
Georgia,Chattooga,21.04,24936.0
Georgia,Cherokee,30.91,281278.0
Georgia,Clarke,60.79,129875.0
Georgia,Clay,26.82,2845.0
Georgia,Clayton,57.02,296564.0
Georgia,Clinch,31.25,6662.0
Georgia,Cobb,77.27,771952.0
Georgia,Coffee,36.98,43172.0
Georgia,Colquitt,33.27,45762.0
Georgia,Columbia,26.73,162419.0
Georgia,Cook,22.92,17404.0
Georgia,Coweta,34.66,152882.0
Georgia,Crawford,12.38,12140.0
Georgia,Crisp,47.43,19708.0
Georgia,Dade,25.75,16081.0
Georgia,Dawson,31.83,30138.0
Georgia,De Kalb,56.66,762820.0
Georgia,Decatur,31.3,28982.0
Georgia,Dodge,21.23,19802.0
Georgia,Dooly,36.27,10572.0
Georgia,Dougherty,57.46,82966.0
Georgia,Douglas,35.34,147316.0
Georgia,Early,48.28,10574.0
Georgia,Echols,11.4,3686.0
Georgia,Effingham,30.06,69041.0
Georgia,Elbert,33.14,19814.0
Georgia,Emanuel,30.08,22929.0
Georgia,Evans,36.45,10695.0
Georgia,Fannin,33.12,25737.0
Georgia,Fayette,46.12,122030.0
Georgia,Floyd,41.61,99443.0
Georgia,Forsyth,42.01,267237.0
Georgia,Franklin,38.11,24128.0
Georgia,Fulton,177.86,1074634.0
Georgia,Gilmer,28.25,32407.0
Georgia,Glascock,11.34,2939.0
Georgia,Glynn,50.45,85079.0
Georgia,Gordon,40.31,58954.0
Georgia,Grady,24.86,26008.0
Georgia,Greene,42.39,20139.0
Georgia,Gwinnett,53.45,975353.0
Georgia,Habersham,30.0,47475.0
Georgia,Hall,57.05,212692.0
Georgia,Hancock,19.3,8387.0
Georgia,Haralson,28.37,31337.0
Georgia,Harris,15.4,36276.0
Georgia,Hart,29.83,26909.0
Georgia,Heard,93.38,11725.0
Georgia,Henry,30.33,248364.0
Georgia,Houston,43.45,169631.0
Georgia,Irwin,24.28,9126.0
Georgia,Jackson,48.18,83936.0
Georgia,Jasper,17.25,15951.0
Georgia,Jeff Davis,29.56,14889.0
Georgia,Jefferson,36.32,15314.0
Georgia,Jenkins,16.78,8689.0
Georgia,Johnson,13.39,9242.0
Georgia,Jones,15.22,28472.0
Georgia,Lamar,22.42,19467.0
Georgia,Lanier,12.86,10171.0
Georgia,Laurens,38.04,49660.0
Georgia,Lee,21.79,33642.0
Georgia,Liberty,57.05,68030.0
Georgia,Lincoln,17.29,7841.0
Georgia,Long,10.32,18348.0
Georgia,Lowndes,44.07,119739.0
Georgia,Lumpkin,26.55,34796.0
Georgia,Macon,35.17,11765.0
Georgia,Madison,16.86,31473.0
Georgia,Marion,14.98,7449.0
Georgia,McDuffie,30.74,21713.0
Georgia,McIntosh,22.1,11180.0
Georgia,Meriwether,29.03,20845.0
Georgia,Miller,35.85,5807.0
Georgia,Mitchell,34.45,21116.0
Georgia,Monroe,44.33,29427.0
Georgia,Montgomery,16.28,8655.0
Georgia,Morgan,48.7,21031.0
Georgia,Murray,32.38,40472.0
Georgia,Muscogee,52.9,202616.0
Georgia,Newton,25.92,117621.0
Georgia,Oconee,37.63,43588.0
Georgia,Oglethorpe,19.24,15469.0
Georgia,Paulding,18.65,178421.0
Georgia,Peach,32.03,28562.0
Georgia,Pickens,30.32,34826.0
Georgia,Pierce,22.25,20168.0
Georgia,Pike,17.44,19990.0
Georgia,Polk,28.31,43709.0
Georgia,Pulaski,28.94,9984.0
Georgia,Putnam,25.31,22984.0
Georgia,Quitman,16.36,2249.0
Georgia,Rabun,34.98,17206.0
Georgia,Randolph,28.82,6116.0
Georgia,Richmond,61.22,206640.0
Georgia,Rockdale,45.99,94984.0
Georgia,Schley,23.79,4496.0
Georgia,Screven,23.47,13977.0
Georgia,Seminole,32.32,9127.0
Georgia,Spalding,31.16,68919.0
Georgia,Stephens,35.42,26767.0
Georgia,Stewart,28.22,4648.0
Georgia,Sumter,34.24,28877.0
Georgia,Talbot,22.67,5747.0
Georgia,Taliaferro,18.6,1600.0
Georgia,Tattnall,23.84,24064.0
Georgia,Taylor,26.5,7737.0
Georgia,Telfair,21.79,12354.0
Georgia,Terrell,26.98,8754.0
Georgia,Thomas,50.79,45561.0
Georgia,Tift,47.39,41412.0
Georgia,Toombs,37.42,26837.0
Georgia,Towns,29.91,12972.0
Georgia,Treutlen,14.8,6365.0
Georgia,Troup,52.4,70191.0
Georgia,Turner,22.2,8842.0
Georgia,Twiggs,35.81,7680.0
Georgia,Union,32.55,26388.0
Georgia,Upson,23.85,28086.0
Georgia,Walker,22.16,68915.0
Georgia,Walton,27.1,103065.0
Georgia,Ware,37.45,35614.0
Georgia,Warren,30.92,5155.0
Georgia,Washington,31.67,19738.0
Georgia,Wayne,40.54,30896.0
Georgia,Webster,26.76,2328.0
Georgia,Wheeler,16.06,7314.0
Georgia,White,31.2,28806.0
Georgia,Whitfield,55.49,103132.0
Georgia,Wilcox,16.5,8761.0
Georgia,Wilkes,31.77,9599.0
Georgia,Wilkinson,68.09,8681.0
Georgia,Worth,16.28,20424.0
Hawaii,Hawaii,45276.42356559195,202906.0
Hawaii,Honolulu,67323.40117295607,1000890.0
Hawaii,Maui,63030.00553854768,164303.0
Idaho,Ada,61.05,518907.0
Idaho,Adams,28.92,4817.0
Idaho,Bannock,33.53,89517.0
Idaho,Bear Lake,26.56,6722.0
Idaho,Benewah,35.14,10370.0
Idaho,Bingham,29.12,49923.0
Idaho,Blaine,72.56,24866.0
Idaho,Boise,21.42,8333.0
Idaho,Bonner,33.89,51414.0
Idaho,Bonneville,53.69,129496.0
Idaho,Boundary,28.39,13345.0
Idaho,Butte,483.05,2684.0
Idaho,Camas,67.58,1153.0
Idaho,Canyon,29.57,251065.0
Idaho,Caribou,96.64,7190.0
Idaho,Cassia,57.72,25655.0
Idaho,Clark,43.24,806.0
Idaho,Clearwater,39.17,9015.0
Idaho,Custer,38.41,4506.0
Idaho,Elmore,43.04,29403.0
Idaho,Franklin,27.1,15189.0
Idaho,Fremont,26.6,13978.0
Idaho,Gem,22.48,20418.0
Idaho,Gooding,76.45,15715.0
Idaho,Idaho,28.78,17593.0
Idaho,Jefferson,26.61,33428.0
Idaho,Jerome,50.53,25311.0
Idaho,Kootenai,41.73,183578.0
Idaho,Latah,36.77,40978.0
Idaho,Lemhi,32.93,8240.0
Idaho,Lewis,46.66,3763.0
Idaho,Lincoln,48.99,5329.0
Idaho,Madison,25.27,54976.0
Idaho,Minidoka,37.29,22194.0
Idaho,Nez Perce,52.03,43004.0
Idaho,Oneida,30.17,4712.0
Idaho,Owyhee,31.75,12613.0
Idaho,Payette,31.82,26956.0
Idaho,Power,46.29,8068.0
Idaho,Shoshone,46.12,14012.0
Idaho,Teton,34.03,12544.0
Idaho,Twin Falls,43.23,93696.0
Idaho,Valley,45.61,12464.0
Idaho,Washington,36.88,11087.0
Illinois,Adams,54.88,64725.0
Illinois,Alexander,28.22,4858.0
Illinois,Bond,34.25,16566.0
Illinois,Boone,31.21,53154.0
Illinois,Brown,71.73,6330.0
Illinois,Bureau,38.2,32828.0
Illinois,Calhoun,21.91,4360.0
Illinois,Carroll,37.03,15529.0
Illinois,Cass,52.04,12657.0
Illinois,Champaign,54.77,206542.0
Illinois,Christian,45.28,33436.0
Illinois,Clark,33.21,15229.0
Illinois,Clay,44.12,13047.0
Illinois,Clinton,29.38,36909.0
Illinois,Coles,56.72,46334.0
Illinois,Cook,79.94,5109292.0
Illinois,Crawford,56.31,18536.0
Illinois,Cumberland,76.32,10324.0
Illinois,De Kalb,43.11,100232.0
Illinois,Dekalb,49844.52367199793,100414.0
Illinois,Dewitt,73.95,15310.0
Illinois,Douglas,52.01,19755.0
Illinois,Du Page,105.25,920901.0
Illinois,Edgar,51.86,16433.0
Illinois,Edwards,46.17,6071.0
Illinois,Effingham,62.88,34325.0
Illinois,Fayette,26.58,21305.0
Illinois,Ford,53.28,13249.0
Illinois,Franklin,25.26,37242.0
Illinois,Fulton,24.94,33021.0
Illinois,Gallatin,31.36,4855.0
Illinois,Greene,28.33,11651.0
Illinois,Grundy,80.12,53041.0
Illinois,Hamilton,39.73,7984.0
Illinois,Hancock,33.8,17244.0
Illinois,Hardin,20.38,3597.0
Illinois,Henderson,27.9,6151.0
Illinois,Henry,31.4,48419.0
Illinois,Iroquois,38.22,26473.0
Illinois,Jackson,47.03,52617.0
Illinois,Jasper,52.72,9212.0
Illinois,Jefferson,48.84,36400.0
Illinois,Jersey,24.99,21246.0
Illinois,Jo Daviess,38.33,21758.0
Illinois,Johnson,16.88,13381.0
Illinois,Kane,52.93,514182.0
Illinois,Kankakee,62.97,106074.0
Illinois,Kendall,26.56,137254.0
Illinois,Knox,35.46,48640.0
Illinois,La Salle,53.48,108078.0
Illinois,Lake,90.85,709150.0
Illinois,Lasalle,59192.08002569633,108965.0
Illinois,Lawrence,34.15,14914.0
Illinois,Lee,45.44,33848.0
Illinois,Livingston,56.99,35521.0
Illinois,Logan,37.9,27591.0
Illinois,Macon,67.71,101483.0
Illinois,Macoupin,26.45,44245.0
Illinois,Madison,44.08,263864.0
Illinois,Marion,34.47,36914.0
Illinois,Marshall,37.28,11678.0
Illinois,Mason,33.24,12748.0
Illinois,Massac,46.53,13896.0
Illinois,McDonough,39.53,26861.0
Illinois,McHenry,37.66,311747.0
Illinois,Mclean,72.27,171141.0
Illinois,Menard,21.62,12121.0
Illinois,Mercer,27.37,15504.0
Illinois,Monroe,27.64,35033.0
Illinois,Montgomery,34.38,28020.0
Illinois,Morgan,46.32,32209.0
Illinois,Moultrie,50.32,14323.0
Illinois,Ogle,53.87,51351.0
Illinois,Peoria,70.12,178383.0
Illinois,Perry,28.69,20588.0
Illinois,Piatt,30.24,16723.0
Illinois,Pike,41.2,14484.0
Illinois,Pope,13.65,3770.0
Illinois,Pulaski,31.83,4991.0
Illinois,Putnam,53.88,5572.0
Illinois,Randolph,50.28,30068.0
Illinois,Richland,36.68,15435.0
Illinois,Rock Island,69.95,141527.0
Illinois,Saline,32.15,23087.0
Illinois,Sangamon,58.0,194534.0
Illinois,Schuyler,35.21,6746.0
Illinois,Scott,32.5,4790.0
Illinois,Shelby,36.78,20761.0
Illinois,St Clair,48.03,252671.0
Illinois,Stark,45.89,5345.0
Illinois,Stephenson,41.28,43627.0
Illinois,Tazewell,43.73,129911.0
Illinois,Union,23.8,16767.0
Illinois,Vermilion,43.63,72337.0
Illinois,Wabash,28.21,11087.0
Illinois,Warren,48.95,16354.0
Illinois,Washington,72.88,13643.0
Illinois,Wayne,28.54,15872.0
Illinois,White,34.62,13614.0
Illinois,Whiteside,38.73,54658.0
Illinois,Will,51.45,696757.0
Illinois,Williamson,42.9,66695.0
Illinois,Winnebago,46.92,282188.0
Illinois,Woodford,32.31,38128.0
Indiana,Adams,48.73,36068.0
Indiana,Allen,55.05,391449.0
Indiana,Bartholomew,78.27,83540.0
Indiana,Benton,56.71,8719.0
Indiana,Blackford,28.6,11919.0
Indiana,Boone,56.34,74164.0
Indiana,Brown,18.84,15570.0
Indiana,Carroll,35.32,20555.0
Indiana,Cass,39.36,37540.0
Indiana,Clark,46.03,124237.0
Indiana,Clay,30.63,26379.0
Indiana,Clinton,44.34,32843.0
Indiana,Crawford,18.1,10536.0
Indiana,Daviess,41.93,33418.0
Indiana,De Kalb,61.02,43731.0
Indiana,Dearborn,37.02,51138.0
Indiana,Decatur,62.24,26416.0
Indiana,Delaware,37.17,112031.0
Indiana,Dubois,61.8,43632.0
Indiana,Elkhart,90.49,206890.0
Indiana,Fayette,24.03,23349.0
Indiana,Floyd,36.98,80714.0
Indiana,Fountain,31.31,16574.0
Indiana,Franklin,23.72,23028.0
Indiana,Fulton,34.43,20327.0
Indiana,Gibson,106.88,32993.0
Indiana,Grant,37.44,66022.0
Indiana,Greene,20.73,31006.0
Indiana,Hamilton,60.12,364921.0
Indiana,Hancock,42.33,83070.0
Indiana,Harrison,30.12,39851.0
Indiana,Hendricks,41.03,182534.0
Indiana,Henry,30.49,48915.0
Indiana,Howard,53.82,83574.0
Indiana,Huntington,41.27,36834.0
Indiana,Jackson,58.48,46300.0
Indiana,Jasper,46.32,33281.0
Indiana,Jay,47.56,20198.0
Indiana,Jefferson,49.65,32946.0
Indiana,Jennings,26.12,27536.0
Indiana,Johnson,36.78,165782.0
Indiana,Knox,52.54,35789.0
Indiana,Kosciusko,76.33,80826.0
Indiana,La Porte,37.59,111675.0
Indiana,Lagrange,45.4,40866.0
Indiana,Lake,45.53,499689.0
Indiana,Lawrence,32.39,45222.0
Indiana,Madison,29.53,131744.0
Indiana,Marion,102.37,969466.0
Indiana,Marshall,36.04,46332.0
Indiana,Martin,115.81,9803.0
Indiana,Miami,26.55,35674.0
Indiana,Monroe,49.65,139745.0
Indiana,Montgomery,45.45,38273.0
Indiana,Morgan,24.41,72236.0
Indiana,Newton,30588.716685979143,13808.0
Indiana,Noble,42.07,47367.0
Indiana,Ohio,19.99,6114.0
Indiana,Orange,33.06,19623.0
Indiana,Owen,26.95,21482.0
Indiana,Parke,24.43,16369.0
Indiana,Perry,41.83,19183.0
Indiana,Pike,59.69,12168.0
Indiana,Porter,41.91,174791.0
Indiana,Posey,164.38,25063.0
Indiana,Pulaski,53.32,12485.0
Indiana,Putnam,29.84,37301.0
Indiana,Randolph,35.92,24437.0
Indiana,Ripley,41.18,29087.0
Indiana,Rush,37.12,16673.0
Indiana,Scott,29.48,24588.0
Indiana,Shelby,44.1,44991.0
Indiana,Spencer,50.31,19967.0
Indiana,St Joseph,52.95,272234.0
Indiana,Starke,23.63,23258.0
Indiana,Steuben,43.29,34725.0
Indiana,Sullivan,46.28,20670.0
Indiana,Switzerland,23.74,10006.0
Indiana,Tippecanoe,52.78,188717.0
Indiana,Tipton,42.8,15361.0
Indiana,Union,20.98,6952.0
Indiana,Vanderburgh,63.56,179744.0
Indiana,Vermillion,59.96,15451.0
Indiana,Vigo,45.04,106006.0
Indiana,Wabash,40.53,30828.0
Indiana,Warren,35.55,8461.0
Indiana,Warrick,39.06,65185.0
Indiana,Washington,23.84,28224.0
Indiana,Wayne,42.52,66273.0
Indiana,Wells,41.96,28335.0
Indiana,White,45.33,24598.0
Indiana,Whitley,51.47,34627.0
Iowa,Adair,66.9,7494.0
Iowa,Adams,61.02,3611.0
Iowa,Allamakee,39.96,13960.0
Iowa,Appanoose,37.07,12094.0
Iowa,Audubon,54.69,5598.0
Iowa,Benton,34.45,25711.0
Iowa,Black Hawk,64.51,130274.0
Iowa,Boone,39.55,26609.0
Iowa,Bremer,46.03,25259.0
Iowa,Buchanan,37.86,20714.0
Iowa,Buena Vista,64.23,20600.0
Iowa,Butler,37.14,14269.0
Iowa,Calhoun,43.24,9725.0
Iowa,Carroll,63.99,20567.0
Iowa,Cass,52.57,13104.0
Iowa,Cedar,36.26,18399.0
Iowa,Cerro Gordo,60.82,42409.0
Iowa,Cherokee,61.86,11491.0
Iowa,Chickasaw,60.07,11716.0
Iowa,Clarke,44.9,9692.0
Iowa,Clay,62.21,16475.0
Iowa,Clayton,48.52,17027.0
Iowa,Clinton,49.85,46344.0
Iowa,Crawford,49.38,16123.0
Iowa,Dallas,59.88,108016.0
Iowa,Davis,30.19,9130.0
Iowa,Decatur,29.84,7683.0
Iowa,Delaware,49.78,17568.0
Iowa,Des Moines,58.48,38293.0
Iowa,Dickinson,58.3,18028.0
Iowa,Dubuque,71.43,98677.0
Iowa,Emmet,42.41,9176.0
Iowa,Fayette,37.96,19294.0
Iowa,Floyd,52.55,15337.0
Iowa,Franklin,64.76,9916.0
Iowa,Fremont,53.29,6464.0
Iowa,Greene,62.59,8741.0
Iowa,Grundy,47.27,12356.0
Iowa,Guthrie,45.32,10647.0
Iowa,Hamilton,51.7,14820.0
Iowa,Hancock,82.41,10685.0
Iowa,Hardin,52.53,16567.0
Iowa,Harrison,34.45,14658.0
Iowa,Henry,47.83,20196.0
Iowa,Howard,52.7,9533.0
Iowa,Humboldt,48.52,9572.0
Iowa,Ida,87.14,6888.0
Iowa,Iowa,63.12,16475.0
Iowa,Jackson,33.48,19324.0
Iowa,Jasper,33.6,37938.0
Iowa,Jefferson,46.34,15698.0
Iowa,Johnson,60.48,156420.0
Iowa,Jones,31.35,20848.0
Iowa,Keokuk,38497.27657857575,9914.0
Iowa,Kossuth,68.04,14475.0
Iowa,Lee,56.11,32840.0
Iowa,Linn,75.56,229033.0
Iowa,Louisa,91.08,10677.0
Iowa,Lucas,36.91,8689.0
Iowa,Lyon,67.52,12179.0
Iowa,Madison,26.57,17036.0
Iowa,Mahaska,39.57,21946.0
Iowa,Marion,66.17,33642.0
Iowa,Marshall,44.79,39879.0
Iowa,Mills,38.97,14553.0
Iowa,Mitchell,57.37,10532.0
Iowa,Monona,39.95,8486.0
Iowa,Monroe,61.79,7550.0
Iowa,Montgomery,44.11,10205.0
Iowa,Muscatine,59.53,42377.0
Iowa,Obrien,60.94,14060.0
Iowa,Osceola,58.95,6036.0
Iowa,Page,42.34,15143.0
Iowa,Palo Alto,60.34,8764.0
Iowa,Plymouth,56.59,25681.0
Iowa,Pocahontas,72.71,7053.0
Iowa,Polk,97.63,501089.0
Iowa,Pottawattamie,46.34,93173.0
Iowa,Poweshiek,64.02,18467.0
Iowa,Ringgold,37.75,4670.0
Iowa,Sac,56.02,9673.0
Iowa,Scott,56.36,173924.0
Iowa,Shelby,66.47,11645.0
Iowa,Sioux,65.72,36050.0
Iowa,Story,58.18,99673.0
Iowa,Tama,41.07,16903.0
Iowa,Taylor,51.41,5858.0
Iowa,Union,65.89,11887.0
Iowa,Van Buren,33.72,7256.0
Iowa,Wapello,50.34,35043.0
Iowa,Warren,25.61,54327.0
Iowa,Washington,53.23,22571.0
Iowa,Wayne,41.39,6467.0
Iowa,Webster,57.02,36626.0
Iowa,Winnebago,45.11,10617.0
Iowa,Winneshiek,50.26,19974.0
Iowa,Woodbury,49.91,105671.0
Iowa,Worth,48.48,7319.0
Iowa,Wright,58.32,12681.0
Kansas,Allen,45.81,12579.0
Kansas,Anderson,45.85,7776.0
Kansas,Atchison,42.11,16108.0
Kansas,Barber,44.54,4122.0
Kansas,Barton,48.11,25080.0
Kansas,Bourbon,40.32,14493.0
Kansas,Brown,66.14,9364.0
Kansas,Butler,37.34,68240.0
Kansas,Chase,52.66,2548.0
Kansas,Chautauqua,21.19,3415.0
Kansas,Cherokee,43.51,19088.0
Kansas,Cheyenne,54.75,2583.0
Kansas,Clark,105.04,1933.0
Kansas,Clay,36.47,8043.0
Kansas,Cloud,46.58,8946.0
Kansas,Coffey,90.48,8280.0
Kansas,Comanche,32.1,1681.0
Kansas,Cowley,38.25,34453.0
Kansas,Crawford,43.37,39078.0
Kansas,Decatur,51.16,2689.0
Kansas,Dickinson,36.97,18430.0
Kansas,Doniphan,38.54,7440.0
Kansas,Douglas,43.17,119964.0
Kansas,Edwards,58.21,2739.0
Kansas,Elk,31.54,2441.0
Kansas,Ellis,58.07,28941.0
Kansas,Ellsworth,42.72,6355.0
Kansas,Finney,60.39,37650.0
Kansas,Ford,71.38,33848.0
Kansas,Franklin,34.61,25992.0
Kansas,Geary,83.41,35691.0
Kansas,Gove,72.5,2717.0
Kansas,Graham,59.46,2411.0
Kansas,Grant,58.29,7197.0
Kansas,Gray,97.55,5729.0
Kansas,Greeley,110.6,1223.0
Kansas,Greenwood,24.83,5939.0
Kansas,Hamilton,88691.62640901771,2484.0
Kansas,Harper,52.78,5323.0
Kansas,Harvey,40.16,33801.0
Kansas,Haskell,82.61,3576.0
Kansas,Hodgeman,61.65,1755.0
Kansas,Jackson,29.26,13286.0
Kansas,Jefferson,23.8,18344.0
Kansas,Jewell,41.1,2898.0
Kansas,Johnson,82.37,619195.0
Kansas,Kearny,55.98,3855.0
Kansas,Kingman,45.11,7193.0
Kansas,Kiowa,55.06,2404.0
Kansas,Labette,40.41,19757.0
Kansas,Lane,70.07,1556.0
Kansas,Leavenworth,36.01,82892.0
Kansas,Lincoln,43.16,2899.0
Kansas,Linn,51.97,9796.0
Kansas,Logan,57.51,2705.0
Kansas,Lyon,45.86,31898.0
Kansas,Marion,32.63,11868.0
Kansas,Marshall,54.74,9982.0
Kansas,McPherson,62.98,30012.0
Kansas,Meade,66.44,3897.0
Kansas,Miami,29.26,34867.0
Kansas,Mitchell,88.09,5738.0
Kansas,Montgomery,60.22,30996.0
Kansas,Morris,35.23,5349.0
Kansas,Morton,53.62,2599.0
Kansas,Nemaha,50.22,10115.0
Kansas,Neosho,37.63,15606.0
Kansas,Ness,69.92,2645.0
Kansas,Norton,47.9,5301.0
Kansas,Osage,20.43,15654.0
Kansas,Osborne,48.34,3490.0
Kansas,Ottawa,22.91,5795.0
Kansas,Pawnee,44.42,6179.0
Kansas,Phillips,77.34,4809.0
Kansas,Pottawatomie,50.32,26273.0
Kansas,Pratt,64.47,9067.0
Kansas,Rawlins,64.52,2528.0
Kansas,Reno,42.52,61516.0
Kansas,Republic,46.35,4642.0
Kansas,Rice,59.5,9407.0
Kansas,Riley,39.36,71108.0
Kansas,Rooks,39.63,4813.0
Kansas,Rush,53.13,2927.0
Kansas,Russell,42.85,6639.0
Kansas,Saline,54.15,53596.0
Kansas,Scott,62.63,5014.0
Kansas,Sedgwick,59.73,525525.0
Kansas,Seward,61.59,21358.0
Kansas,Shawnee,61.34,177480.0
Kansas,Sheridan,58.39,2425.0
Kansas,Sherman,54.55,5830.0
Kansas,Smith,54.56,3533.0
Kansas,Stafford,43.27,3993.0
Kansas,Stanton,103.76,1963.0
Kansas,Stevens,66.59,5175.0
Kansas,Sumner,31.99,22473.0
Kansas,Thomas,75.49,7893.0
Kansas,Trego,59.12,2752.0
Kansas,Wabaunsee,21.08,7019.0
Kansas,Wallace,63.2,1488.0
Kansas,Washington,41.59,5501.0
Kansas,Wichita,95.18,2064.0
Kansas,Wilson,36.94,8622.0
Kansas,Woodson,24.45,3109.0
Kansas,Wyandotte,68.22,165746.0
Kentucky,Adair,20.13,19067.0
Kentucky,Allen,21.75,21275.0
Kentucky,Anderson,23.35,24224.0
Kentucky,Ballard,32.05,7650.0
Kentucky,Barren,31.15,44854.0
Kentucky,Bath,14.89,12829.0
Kentucky,Bell,31.02,23568.0
Kentucky,Boone,90.5,139093.0
Kentucky,Bourbon,43.69,20093.0
Kentucky,Boyd,60.82,48110.0
Kentucky,Boyle,39.97,30904.0
Kentucky,Bracken,19.39,8452.0
Kentucky,Breathitt,15.46,13351.0
Kentucky,Breckinridge,19.49,20943.0
Kentucky,Bullitt,32.59,83836.0
Kentucky,Butler,24.8,12295.0
Kentucky,Caldwell,33.58,12570.0
Kentucky,Calloway,37.79,37685.0
Kentucky,Campbell,37.84,93300.0
Kentucky,Carlisle,38.88,4720.0
Kentucky,Carroll,173.19,10938.0
Kentucky,Carter,18.54,26395.0
Kentucky,Casey,21.63,15920.0
Kentucky,Christian,82.2,73037.0
Kentucky,Clark,41.13,37061.0
Kentucky,Clay,17.78,19913.0
Kentucky,Clinton,37.25,9123.0
Kentucky,Crittenden,20.65,8981.0
Kentucky,Cumberland,26.82,5946.0
Kentucky,Daviess,44.56,103222.0
Kentucky,Edmonson,15.03,12269.0
Kentucky,Elliott,10.27,7293.0
Kentucky,Estill,14.86,14044.0
Kentucky,Fayette,64.47,320347.0
Kentucky,Fleming,20.99,15288.0
Kentucky,Floyd,30.92,34978.0
Kentucky,Franklin,61.49,51607.0
Kentucky,Fulton,32.96,6382.0
Kentucky,Gallatin,39.95,8763.0
Kentucky,Garrard,14.45,17589.0
Kentucky,Grant,22.07,25502.0
Kentucky,Graves,34.34,36412.0
Kentucky,Grayson,27.44,26631.0
Kentucky,Green,15.25,11365.0
Kentucky,Greenup,22.51,35403.0
Kentucky,Hancock,86.91,9021.0
Kentucky,Hardin,48.67,111862.0
Kentucky,Harlan,19.33,25662.0
Kentucky,Harrison,28.01,19103.0
Kentucky,Hart,29.22,19600.0
Kentucky,Henderson,45.34,44046.0
Kentucky,Henry,20.52,15771.0
Kentucky,Hickman,37.98,4422.0
Kentucky,Hopkins,40.11,44812.0
Kentucky,Jackson,12.31,12973.0
Kentucky,Jefferson,75.81,773399.0
Kentucky,Jessamine,37.65,54254.0
Kentucky,Johnson,19.18,22244.0
Kentucky,Kenton,55.5,170313.0
Kentucky,Knott,14.44,13874.0
Kentucky,Knox,20.68,29791.0
Kentucky,Larue,16.14,15163.0
Kentucky,Laurel,34.98,62885.0
Kentucky,Lawrence,21.48,16109.0
Kentucky,Lee,16.64,7261.0
Kentucky,Leslie,13.75,10093.0
Kentucky,Letcher,17.09,20893.0
Kentucky,Lewis,15.31,12954.0
Kentucky,Lincoln,17.08,24360.0
Kentucky,Livingston,34.36,8963.0
Kentucky,Logan,39.81,27877.0
Kentucky,Lyon,23.99,9101.0
Kentucky,Madison,31.86,95187.0
Kentucky,Magoffin,13.02,11357.0
Kentucky,Marion,46.82,19775.0
Kentucky,Marshall,50.58,31777.0
Kentucky,Martin,17.25,11095.0
Kentucky,Mason,67.82,16930.0
Kentucky,McCracken,70.37,67490.0
Kentucky,McCreary,15.8,16701.0
Kentucky,Mclean,25.05,9105.0
Kentucky,Meade,21.08,30001.0
Kentucky,Menifee,14.4,6250.0
Kentucky,Mercer,34.84,22902.0
Kentucky,Metcalfe,18.43,10370.0
Kentucky,Monroe,27.11,11355.0
Kentucky,Montgomery,35.81,28367.0
Kentucky,Morgan,17.84,14120.0
Kentucky,Muhlenberg,34.17,30455.0
Kentucky,Nelson,36.1,47392.0
Kentucky,Nicholas,12.39,7805.0
Kentucky,Ohio,33.22,23527.0
Kentucky,Oldham,27.81,69431.0
Kentucky,Owen,15.62,11290.0
Kentucky,Owsley,13.29,3929.0
Kentucky,Pendleton,19.71,14676.0
Kentucky,Perry,33.19,27361.0
Kentucky,Pike,33.58,56286.0
Kentucky,Powell,17.5,13083.0
Kentucky,Pulaski,33.74,65795.0
Kentucky,Robertson,12.71,2229.0
Kentucky,Rockcastle,20.43,16242.0
Kentucky,Rowan,30.21,24388.0
Kentucky,Russell,34.28,18178.0
Kentucky,Scott,58.02,59099.0
Kentucky,Shelby,34.45,48886.0
Kentucky,Simpson,48.5,19949.0
Kentucky,Spencer,15.3,20204.0
Kentucky,Taylor,31.62,26407.0
Kentucky,Todd,30.59,12404.0
Kentucky,Trigg,19.57,14332.0
Kentucky,Trimble,62.36,8539.0
Kentucky,Union,55.08,12961.0
Kentucky,Warren,49.92,139843.0
Kentucky,Washington,27.25,12061.0
Kentucky,Wayne,22.16,19681.0
Kentucky,Webster,34.95,12726.0
Kentucky,Whitley,29.27,36873.0
Kentucky,Wolfe,17.45,6400.0
Kentucky,Woodford,42.11,27062.0
Louisiana,Acadia,26.17,56744.0
Louisiana,Allen,31.45,22320.0
Louisiana,Ascension,63.62,130458.0
Louisiana,Assumption,23.56,20604.0
Louisiana,Avoyelles,22.93,38751.0
Louisiana,Beauregard,31.8,36570.0
Louisiana,Bienville,47.05,12641.0
Louisiana,Bossier,41.8,129276.0
Louisiana,Caddo,56.85,229025.0
Louisiana,Calcasieu,64.89,202418.0
Louisiana,Caldwell,19.82,9554.0
Louisiana,Cameron,225.97,4902.0
Louisiana,Catahoula,21.02,8566.0
Louisiana,Claiborne,27.03,13744.0
Louisiana,Concordia,31.43,18116.0
Louisiana,De Soto,87.14,26853.0
Louisiana,East Baton Rouge,72.13,450544.0
Louisiana,East Carroll,23.15,6990.0
Louisiana,East Feliciana,24.79,19135.0
Louisiana,Evangeline,24.37,31986.0
Louisiana,Franklin,24.44,19308.0
Louisiana,Grant,18.16,22000.0
Louisiana,Iberia,40.36,68327.0
Louisiana,Iberville,78.91,29506.0
Louisiana,Jackson,31.52,14839.0
Louisiana,Jefferson,55.71,425884.0
Louisiana,Jefferson Davis,24.7,32026.0
Louisiana,La Salle,28.93,14729.0
Louisiana,Lafayette,57.49,247866.0
Louisiana,Lafourche,39.28,95870.0
Louisiana,Lincoln,42.68,48129.0
Louisiana,Livingston,21.74,148425.0
Louisiana,Madison,37.56,9478.0
Louisiana,Morehouse,23.64,24446.0
Louisiana,Natchitoches,42.36,36663.0
Louisiana,Orleans,61.63,369749.0
Louisiana,Ouachita,43.91,157702.0
Louisiana,Plaquemines,108.77,22516.0
Louisiana,Pointe Coupee,39.57,20151.0
Louisiana,Rapides,45.03,127189.0
Louisiana,Red River,91.88,7420.0
Louisiana,Richland,33.68,19826.0
Louisiana,Sabine,41.55,21985.0
Louisiana,St Bernard,27.09,44479.0
Louisiana,St Charles,146.65,50998.0
Louisiana,St Helena,18.22,10822.0
Louisiana,St James,110.45,19423.0
Louisiana,St John The Baptist,65.38,39864.0
Louisiana,St Landry,28.9,81773.0
Louisiana,St Martin,25.35,51236.0
Louisiana,St Mary,53.78,47789.0
Louisiana,St Tammany,46.63,273263.0
Louisiana,Tangipahoa,31.98,137048.0
Louisiana,Tensas,34.11,3846.0
Louisiana,Terrebonne,48.24,104786.0
Louisiana,Union,22.64,20721.0
Louisiana,Vermilion,24.84,56952.0
Louisiana,Vernon,44.24,47247.0
Louisiana,Washington,23.17,45025.0
Louisiana,Webster,32.12,35643.0
Louisiana,West Baton Rouge,65.85,28034.0
Louisiana,West Carroll,20.09,9475.0
Louisiana,West Feliciana,64.25,15381.0
Louisiana,Winn,39.97,13205.0
Maine,Androscoggin,44.64,113023.0
Maine,Aroostook,38.66,67255.0
Maine,Cumberland,81.14,307451.0
Maine,Franklin,36.89,30474.0
Maine,Hancock,46.13,56701.0
Maine,Kennebec,49.42,125540.0
Maine,Knox,47.47,41164.0
Maine,Lincoln,35.17,36215.0
Maine,Oxford,30.21,59495.0
Maine,Penobscot,45.57,153704.0
Maine,Piscataquis,34.77,17417.0
Maine,Sagadahoc,58.16,37393.0
Maine,Somerset,34.2,51098.0
Maine,Waldo,36.72,40241.0
Maine,Washington,34.82,31437.0
Maine,York,42.56,216732.0
Maryland,Allegany,42.08,67267.0
Maryland,Anne Arundel,86.24,593286.0
Maryland,Baltimore,63.85,846161.0
Maryland,Baltimore City,84.85,569931.0
Maryland,Calvert,44.02,94573.0
Maryland,Caroline,36.2,33433.0
Maryland,Carroll,35.54,175305.0
Maryland,Cecil,46.66,104942.0
Maryland,Charles,34.54,170102.0
Maryland,Dorchester,42.06,32726.0
Maryland,Frederick,49.69,287079.0
Maryland,Garrett,46.5,28579.0
Maryland,Harford,50.89,263867.0
Maryland,Howard,86.37,335411.0
Maryland,Kent,48.23,19320.0
Maryland,Montgomery,87.98,1052521.0
Maryland,Prince Georges,48.85,946971.0
Maryland,Queen Annes,39.65,51711.0
Maryland,Somerset,34.53,24546.0
Maryland,St Marys,68.29,114877.0
Maryland,Talbot,52.15,37932.0
Maryland,Washington,45.68,155590.0
Maryland,Wicomico,50.43,104664.0
Maryland,Worcester,54.09,53866.0
Massachusetts,Barnstable,58.04,232457.0
Massachusetts,Berkshire,53.94,127859.0
Massachusetts,Bristol,47.32,580068.0
Massachusetts,Dukes,69.26,20868.0
Massachusetts,Essex,57.72,806765.0
Massachusetts,Franklin,40.58,70894.0
Massachusetts,Hampden,50.41,461041.0
Massachusetts,Hampshire,46.54,162588.0
Massachusetts,Middlesex,116.69,1617105.0
Massachusetts,Nantucket,95.58,14421.0
Massachusetts,Norfolk,76.39,725531.0
Massachusetts,Plymouth,49.96,533069.0
Massachusetts,Suffolk,189.22,766381.0
Massachusetts,Worcester,52.67,862927.0
Michigan,Alcona,21.84,10417.0
Michigan,Alger,28.37,8807.0
Michigan,Allegan,40.19,121210.0
Michigan,Alpena,37.97,28847.0
Michigan,Antrim,25.5,24249.0
Michigan,Arenac,28.71,15089.0
Michigan,Baraga,34.28,8277.0
Michigan,Barry,24.18,63554.0
Michigan,Bay,37.36,102821.0
Michigan,Benzie,28.33,18297.0
Michigan,Berrien,48.92,152900.0
Michigan,Branch,32.53,44531.0
Michigan,Calhoun,51.86,133289.0
Michigan,Cass,21.52,51403.0
Michigan,Charlevoix,48.35,26293.0
Michigan,Cheboygan,24.98,25940.0
Michigan,Chippewa,31.45,36293.0
Michigan,Clare,35.84,31352.0
Michigan,Clinton,29.23,79748.0
Michigan,Crawford,33.71,13491.0
Michigan,Delta,33.69,36741.0
Michigan,Dickinson,54.57,25874.0
Michigan,Eaton,52.59,108992.0
Michigan,Emmet,54.83,34163.0
Michigan,Genesee,39.04,401983.0
Michigan,Gladwin,18.23,25728.0
Michigan,Gogebic,32.91,14319.0
Michigan,Grand Traverse,55.23,96464.0
Michigan,Gratiot,35.54,41100.0
Michigan,Hillsdale,39.08,45762.0
Michigan,Houghton,31.03,37035.0
Michigan,Huron,45.92,31248.0
Michigan,Ingham,62.6,284108.0
Michigan,Ionia,24.16,66809.0
Michigan,Iosco,36.7,25521.0
Michigan,Iron,27.16,11622.0
Michigan,Isabella,38.07,64447.0
Michigan,Jackson,42.97,160066.0
Michigan,Kalamazoo,61.49,261173.0
Michigan,Kalkaska,32.32,18182.0
Michigan,Kent,68.28,659083.0
Michigan,Keweenaw,24.43,2180.0
Michigan,Lake,18.1,12594.0
Michigan,Lapeer,25.67,88780.0
Michigan,Leelanau,34.99,22870.0
Michigan,Lenawee,33.06,98567.0
Michigan,Livingston,38.6,196161.0
Michigan,Luce,29.31,5330.0
Michigan,Mackinac,43.29,10941.0
Michigan,Macomb,47.1,874195.0
Michigan,Manistee,33.62,25287.0
Michigan,Marquette,43.01,66661.0
Michigan,Mason,34.72,29409.0
Michigan,Mecosta,32.37,40720.0
Michigan,Menominee,30.35,23266.0
Michigan,Midland,69.8,83674.0
Michigan,Missaukee,27.37,15213.0
Michigan,Monroe,36.88,155609.0
Michigan,Montcalm,24.09,67433.0
Michigan,Montmorency,25.46,9569.0
Michigan,Muskegon,34.86,176565.0
Michigan,Newaygo,26.88,50886.0
Michigan,Oakland,86.81,1269431.0
Michigan,Oceana,22.7,26973.0
Michigan,Ogemaw,26.01,20970.0
Michigan,Ontonagon,22.44,5863.0
Michigan,Osceola,32.35,23274.0
Michigan,Oscoda,25.05,8404.0
Michigan,Otsego,41.15,25644.0
Michigan,Ottawa,53.55,300873.0
Michigan,Presque Isle,26.97,13361.0
Michigan,Roscommon,25.51,23708.0
Michigan,Saginaw,46.64,188330.0
Michigan,Sanilac,29.97,40657.0
Michigan,Schoolcraft,34.75,8188.0
Michigan,Shiawassee,25.11,68022.0
Michigan,St Clair,35.25,160151.0
Michigan,St Joseph,35.77,60874.0
Michigan,Tuscola,24.94,52945.0
Michigan,Van Buren,37.55,75692.0
Michigan,Washtenaw,71.82,366376.0
Michigan,Wayne,55.68,1757043.0
Michigan,Wexford,39.37,34196.0
Minnesota,Aitkin,30.86,16126.0
Minnesota,Anoka,42.35,368864.0
Minnesota,Becker,40.45,35371.0
Minnesota,Beltrami,39.83,46799.0
Minnesota,Benton,42.96,41463.0
Minnesota,Big Stone,45.01,5144.0
Minnesota,Blue Earth,58.09,69631.0
Minnesota,Brown,54.87,25723.0
Minnesota,Carlton,39.94,36708.0
Minnesota,Carver,50.77,110034.0
Minnesota,Cass,41.4,31274.0
Minnesota,Chippewa,47.79,12284.0
Minnesota,Chisago,28.62,57988.0
Minnesota,Clay,32.42,65929.0
Minnesota,Clearwater,38.41,8649.0
Minnesota,Cook,44.56,5708.0
Minnesota,Cottonwood,58.0,11356.0
Minnesota,Crow Wing,42.25,67948.0
Minnesota,Dakota,59.16,443341.0
Minnesota,Dodge,37.89,20981.0
Minnesota,Douglas,52.13,39668.0
Minnesota,Faribault,39.47,13926.0
Minnesota,Fillmore,30.06,21414.0
Minnesota,Freeborn,41.99,30718.0
Minnesota,Goodhue,57.98,48013.0
Minnesota,Grant,45.08,6136.0
Minnesota,Hennepin,116.27,1260121.0
Minnesota,Houston,31.14,18800.0
Minnesota,Hubbard,36.82,21960.0
Minnesota,Isanti,26.65,42727.0
Minnesota,Itasca,45.71,45205.0
Minnesota,Jackson,62.38,9893.0
Minnesota,Kanabec,26.07,16463.0
Minnesota,Kandiyohi,50.49,43839.0
Minnesota,Kittson,67.8,4059.0
Minnesota,Koochiching,40.38,11844.0
Minnesota,Lac Qui Parle,46.17,6689.0
Minnesota,Lake,44.24,10939.0
Minnesota,Lake of The Woods,50.48,3871.0
Minnesota,Le Sueur,31.86,29153.0
Minnesota,Lincoln,65.21,5580.0
Minnesota,Lyon,61.21,25262.0
Minnesota,Mahnomen,36.63,5328.0
Minnesota,Marshall,51.19,8861.0
Minnesota,Martin,53.98,19650.0
Minnesota,McLeod,49.22,36714.0
Minnesota,Meeker,44.8,23496.0
Minnesota,Mille Lacs,30.61,27280.0
Minnesota,Morrison,30.84,34246.0
Minnesota,Mower,47.66,40140.0
Minnesota,Murray,55.68,8060.0
Minnesota,Nicollet,44.01,34441.0
Minnesota,Nobles,55.61,21947.0
Minnesota,Norman,42.16,6377.0
Minnesota,Olmsted,72.58,164020.0
Minnesota,Otter Tail,39.75,60519.0
Minnesota,Pennington,146.95,13845.0
Minnesota,Pine,24.65,29446.0
Minnesota,Pipestone,65.61,9355.0
Minnesota,Polk,48.32,30731.0
Minnesota,Pope,49.08,11431.0
Minnesota,Ramsey,79.15,536413.0
Minnesota,Red Lake,48.72,3874.0
Minnesota,Redwood,60.36,15361.0
Minnesota,Renville,54.95,14525.0
Minnesota,Rice,41.79,67693.0
Minnesota,Rock,58.42,9537.0
Minnesota,Roseau,80.55,15292.0
Minnesota,Scott,46.4,154520.0
Minnesota,Sherburne,33.84,100824.0
Minnesota,Sibley,29.63,14955.0
Minnesota,St Louis,50.97,199532.0
Minnesota,Stearns,54.55,160405.0
Minnesota,Steele,59.5,37398.0
Minnesota,Stevens,63.32,9637.0
Minnesota,Swift,51.64,9755.0
Minnesota,Todd,29.49,25538.0
Minnesota,Traverse,62.38,3275.0
Minnesota,Wabasha,36.21,21658.0
Minnesota,Wadena,36.05,14307.0
Minnesota,Waseca,40.2,18893.0
Minnesota,Washington,42.57,275912.0
Minnesota,Watonwan,42.42,11075.0
Minnesota,Wilkin,51.82,6350.0
Minnesota,Winona,47.39,49478.0
Minnesota,Wright,34.94,148003.0
Minnesota,Yellow Medicine,52.72,9486.0
Mississippi,Adams,32.63,28408.0
Mississippi,Alcorn,36.86,34204.0
Mississippi,Amite,19.4,12619.0
Mississippi,Attala,29.71,17509.0
Mississippi,Benton,33.51,7550.0
Mississippi,Bolivar,34.67,29370.0
Mississippi,Calhoun,23.32,12781.0
Mississippi,Carroll,11.5,9731.0
Mississippi,Chickasaw,30.36,16812.0
Mississippi,Choctaw,79.7,8037.0
Mississippi,Claiborne,83.57,8805.0
Mississippi,Clarke,17.66,15271.0
Mississippi,Clay,28.35,18380.0
Mississippi,Coahoma,34.63,20197.0
Mississippi,Copiah,24.21,27719.0
Mississippi,Covington,37.28,18098.0
Mississippi,De Soto,34.48,191723.0
Mississippi,Forrest,46.48,78110.0
Mississippi,Franklin,25.53,7642.0
Mississippi,George,18.31,25206.0
Mississippi,Greene,11.29,13552.0
Mississippi,Grenada,44.16,21088.0
Mississippi,Hancock,36.42,46094.0
Mississippi,Harrison,44.6,211044.0
Mississippi,Hinds,55.74,217730.0
Mississippi,Holmes,17.23,16121.0
Mississippi,Humphreys,27.66,7333.0
Mississippi,Issaquena,20.05,1273.0
Mississippi,Itawamba,23.31,23903.0
Mississippi,Jackson,49.32,144975.0
Mississippi,Jasper,27.92,16167.0
Mississippi,Jefferson,13.73,7087.0
Mississippi,Jefferson Davis,13.95,11088.0
Mississippi,Jones,37.59,66569.0
Mississippi,Kemper,34.12,8654.0
Mississippi,Lafayette,38.35,57615.0
Mississippi,Lamar,28.2,65783.0
Mississippi,Lauderdale,48.28,70904.0
Mississippi,Lawrence,29.34,11713.0
Mississippi,Leake,29.02,21135.0
Mississippi,Lee,60.37,82959.0
Mississippi,Leflore,48.42,26570.0
Mississippi,Lincoln,33.64,34717.0
Mississippi,Lowndes,49.9,57603.0
Mississippi,Madison,61.74,111113.0
Mississippi,Marion,33.49,24050.0
Mississippi,Marshall,24.14,34110.0
Mississippi,Monroe,28.77,33577.0
Mississippi,Montgomery,20.74,9530.0
Mississippi,Neshoba,36.89,28673.0
Mississippi,Newton,23.76,21029.0
Mississippi,Noxubee,27.54,9990.0
Mississippi,Oktibbeha,35.37,51427.0
Mississippi,Panola,31.63,32661.0
Mississippi,Pearl River,17.8,57261.0
Mississippi,Perry,28.9,11368.0
Mississippi,Pike,28.43,39644.0
Mississippi,Pontotoc,31.66,31389.0
Mississippi,Prentiss,24.09,24792.0
Mississippi,Quitman,19.07,5701.0
Mississippi,Rankin,44.75,158979.0
Mississippi,Scott,38.91,27707.0
Mississippi,Sharkey,31.57,3488.0
Mississippi,Simpson,23.91,25587.0
Mississippi,Smith,27.15,14092.0
Mississippi,Stone,20.76,18669.0
Mississippi,Sunflower,28.29,24811.0
Mississippi,Tallahatchie,25.37,12035.0
Mississippi,Tate,18.24,28296.0
Mississippi,Tippah,31.57,21431.0
Mississippi,Tishomingo,30.14,18619.0
Mississippi,Tunica,56.95,9458.0
Mississippi,Union,38.73,28125.0
Mississippi,Walthall,18.87,13761.0
Mississippi,Warren,54.88,42649.0
Mississippi,Washington,34.36,42514.0
Mississippi,Wayne,31.74,19681.0
Mississippi,Webster,19.32,9993.0
Mississippi,Wilkinson,18.41,8143.0
Mississippi,Winston,28.41,17543.0
Mississippi,Yalobusha,24.93,12364.0
Mississippi,Yazoo,27.79,25948.0
Missouri,Adair,32.13,25165.0
Missouri,Andrew,17.63,18003.0
Missouri,Atchison,69.55,5182.0
Missouri,Audrain,35.8,24434.0
Missouri,Barry,42.47,34926.0
Missouri,Barton,30.53,11694.0
Missouri,Bates,27.7,16177.0
Missouri,Benton,19.87,20224.0
Missouri,Bollinger,17.93,10518.0
Missouri,Boone,52.94,187690.0
Missouri,Buchanan,59.56,82911.0
Missouri,Butler,35.21,42179.0
Missouri,Caldwell,25.06,8933.0
Missouri,Callaway,34.67,44762.0
Missouri,Camden,37.67,43768.0
Missouri,Cape Girardeau,49.42,82899.0
Missouri,Carroll,39.44,8423.0
Missouri,Carter,24.03,5268.0
Missouri,Cass,26.22,110394.0
Missouri,Cedar,20.15,14601.0
Missouri,Chariton,37.95,7386.0
Missouri,Christian,20.3,93114.0
Missouri,Clark,23.32,6723.0
Missouri,Clay,51.27,257033.0
Missouri,Clinton,19.24,21328.0
Missouri,Cole,69.25,76969.0
Missouri,Cooper,26.5,16772.0
Missouri,Crawford,30.01,22659.0
Missouri,Dade,24.34,7660.0
Missouri,Dallas,15.14,17626.0
Missouri,Daviess,19.17,8435.0
Missouri,Dekalb,27.48,11336.0
Missouri,Dent,24.71,14467.0
Missouri,Douglas,18.62,11975.0
Missouri,Dunklin,28.0,27406.0
Missouri,Franklin,44.96,105879.0
Missouri,Gasconade,30.55,14768.0
Missouri,Gentry,34.57,6253.0
Missouri,Greene,59.34,303293.0
Missouri,Grundy,30.33,9838.0
Missouri,Harrison,29.81,8199.0
Missouri,Henry,33.39,22438.0
Missouri,Hickory,17.58,8630.0
Missouri,Holt,46.13,4262.0
Missouri,Howard,22.59,10168.0
Missouri,Howell,31.05,40631.0
Missouri,Iron,42.87,9414.0
Missouri,Jackson,68.41,716531.0
Missouri,Jasper,44.16,124075.0
Missouri,Jefferson,23.6,229336.0
Missouri,Johnson,34.46,54368.0
Missouri,Knox,31.7,3776.0
Missouri,Laclede,37.08,36313.0
Missouri,Lafayette,26.44,32961.0
Missouri,Lawrence,22.56,38683.0
Missouri,Lewis,24.52,9891.0
Missouri,Lincoln,20.76,63155.0
Missouri,Linn,34.04,11820.0
Missouri,Livingston,39.61,14402.0
Missouri,Macon,38.21,15049.0
Missouri,Madison,21.2,12753.0
Missouri,Maries,20.75,8431.0
Missouri,Marion,42.64,28438.0
Missouri,Mcdonald,30.87,23588.0
Missouri,Mercer,32.5,3437.0
Missouri,Miller,27.3,25403.0
Missouri,Mississippi,30.87,11688.0
Missouri,Moniteau,28.45,15220.0
Missouri,Monroe,22.26,8652.0
Missouri,Montgomery,31.58,11470.0
Missouri,Morgan,23.32,21785.0
Missouri,New Madrid,62.91,15695.0
Missouri,Newton,35.35,60011.0
Missouri,Nodaway,35.55,20670.0
Missouri,Oregon,22.54,8732.0
Missouri,Osage,30.39,13399.0
Missouri,Ozark,15.97,8940.0
Missouri,Pemiscot,30.59,14841.0
Missouri,Perry,52.82,18858.0
Missouri,Pettis,40.68,43353.0
Missouri,Phelps,34.15,45313.0
Missouri,Pike,29.19,17664.0
Missouri,Platte,66.15,110534.0
Missouri,Polk,24.54,32693.0
Missouri,Pulaski,42.36,53941.0
Missouri,Putnam,25.74,4666.0
Missouri,Ralls,65.28,10420.0
Missouri,Randolph,52.6,24622.0
Missouri,Ray,21.12,23107.0
Missouri,Reynolds,39.43,6006.0
Missouri,Ripley,19.46,10703.0
Missouri,Saline,40.87,23007.0
Missouri,Schuyler,25.91,4002.0
Missouri,Scotland,31.83,4643.0
Missouri,Scott,43.51,37840.0
Missouri,Shannon,18.55,7193.0
Missouri,Shelby,30.47,5982.0
Missouri,St Charles,45.99,413803.0
Missouri,St Clair,16.78,9576.0
Missouri,St Francois,26.24,66969.0
Missouri,St Louis,86.63,990414.0
Missouri,St Louis City,103.43,286578.0
Missouri,Ste Genevieve,36.45,18644.0
Missouri,Stoddard,41.9,28377.0
Missouri,Stone,23.47,32136.0
Missouri,Sullivan,76.9,5840.0
Missouri,Taney,45.73,56821.0
Missouri,Texas,20.11,25336.0
Missouri,Vernon,40.07,19651.0
Missouri,Warren,23.68,37260.0
Missouri,Washington,17.47,23441.0
Missouri,Wayne,19.82,10792.0
Missouri,Webster,21.29,40335.0
Missouri,Worth,23.28,1955.0
Missouri,Wright,21.73,19156.0
Montana,Beaverhead,39.39,9719.0
Montana,Big Horn,55.45,12851.0
Montana,Blaine,21.19,6936.0
Montana,Broadwater,24.12,7793.0
Montana,Carbon,32.83,11179.0
Montana,Carter,23.52,1382.0
Montana,Cascade,44.55,84864.0
Montana,Chouteau,30.47,5898.0
Montana,Custer,40.06,12032.0
Montana,Daniels,61.54,1628.0
Montana,Dawson,46.16,8830.0
Montana,Deer Lodge,29.71,9510.0
Montana,Fallon,60.43,3011.0
Montana,Fergus,46.84,11663.0
Montana,Flathead,43.61,111814.0
Montana,Gallatin,60.87,124857.0
Montana,Garfield,31.81,1218.0
Montana,Glacier,26.85,13681.0
Montana,Golden Valley,25.95,835.0
Montana,Granite,31.62,3502.0
Montana,Hill,40.52,16068.0
Montana,Jefferson,20.22,12826.0
Montana,Judith Basin,36.79,2105.0
Montana,Lake,28.71,32853.0
Montana,Lewis and Clark,51.71,73832.0
Montana,Liberty,102.31,1972.0
Montana,Lincoln,27.08,21525.0
Montana,Madison,59.96,9265.0
Montana,McCone,53.76,1709.0
Montana,Meagher,34.27,2013.0
Montana,Mineral,22.78,5058.0
Montana,Missoula,52.66,121041.0
Montana,Musselshell,53.17,5197.0
Montana,Park,38.29,17790.0
Montana,Petroleum,18.44,524.0
Montana,Phillips,25.75,4240.0
Montana,Pondera,32.04,6078.0
Montana,Powder River,80.31,1725.0
Montana,Powell,29.83,7051.0
Montana,Prairie,25.34,1107.0
Montana,Ravalli,27.37,47298.0
Montana,Richland,72.59,11237.0
Montana,Roosevelt,38.48,10572.0
Montana,Rosebud,85.6,8088.0
Montana,Sanders,29.03,13442.0
Montana,Sheridan,46.84,3564.0
Montana,Silver Bow,44.27,36068.0
Montana,Stillwater,82.95,9177.0
Montana,Sweet Grass,79.65,3715.0
Montana,Teton,35.01,6368.0
Montana,Toole,53.98,5082.0
Montana,Treasure,59.46,758.0
Montana,Valley,48.2,7513.0
Montana,Wheatland,36.71,2032.0
Montana,Wibaux,44.04,919.0
Montana,Yellowstone,55.14,169852.0
Nebraska,Adams,63.51,30970.0
Nebraska,Antelope,90.81,6293.0
Nebraska,Arthur,37.27,433.0
Nebraska,Banner,54.71,660.0
Nebraska,Blaine,48.09,453.0
Nebraska,Boone,84.67,5385.0
Nebraska,Box Butte,52.73,10672.0
Nebraska,Boyd,67.68,1741.0
Nebraska,Brown,65.9,2872.0
Nebraska,Buffalo,67.99,50586.0
Nebraska,Burt,49.85,6755.0
Nebraska,Butler,43.99,8427.0
Nebraska,Cass,31.79,27122.0
Nebraska,Cedar,57.66,8371.0
Nebraska,Chase,89.93,3772.0
Nebraska,Cherry,50.56,5464.0
Nebraska,Cheyenne,54.83,9511.0
Nebraska,Clay,60.05,6049.0
Nebraska,Colfax,80.17,10444.0
Nebraska,Cuming,83.9,8929.0
Nebraska,Custer,66.64,10476.0
Nebraska,Dakota,81.33,21042.0
Nebraska,Dawes,34.83,8241.0
Nebraska,Dawson,69.84,23884.0
Nebraska,Deuel,42.06,1902.0
Nebraska,Dixon,64.29,5464.0
Nebraska,Dodge,62.42,36997.0
Nebraska,Douglas,85.21,586327.0
Nebraska,Dundy,106.0,1590.0
Nebraska,Fillmore,78.19,5553.0
Nebraska,Franklin,38.77,2873.0
Nebraska,Frontier,43.27,2633.0
Nebraska,Furnas,65.29,4575.0
Nebraska,Gage,49.75,21583.0
Nebraska,Garden,40.07,1837.0
Nebraska,Garfield,43.2,1801.0
Nebraska,Gosper,55.44,1808.0
Nebraska,Grant,42.65,576.0
Nebraska,Greeley,52.82,2227.0
Nebraska,Hall,61.67,62097.0
Nebraska,Hamilton,76.78,9429.0
Nebraska,Harlan,59.57,3054.0
Nebraska,Hayes,104.65,849.0
Nebraska,Hitchcock,60.88,2598.0
Nebraska,Holt,68.36,10043.0
Nebraska,Hooker,42.08,686.0
Nebraska,Howard,35.25,6515.0
Nebraska,Jefferson,67.42,7154.0
Nebraska,Johnson,36.1,5287.0
Nebraska,Kearney,54.23,6690.0
Nebraska,Keith,49.42,8269.0
Nebraska,Keya Paha,36.61,787.0
Nebraska,Kimball,50.97,3315.0
Nebraska,Knox,71.01,8336.0
Nebraska,Lancaster,62.02,324756.0
Nebraska,Lincoln,66.43,33685.0
Nebraska,Logan,40.01,675.0
Nebraska,Loup,45.87,599.0
Nebraska,Madison,69.34,35368.0
Nebraska,McPherson,48.79,372.0
Nebraska,Merrick,50.61,7721.0
Nebraska,Morrill,67.91,4527.0
Nebraska,Nance,47.51,3326.0
Nebraska,Nemaha,99.76,7035.0
Nebraska,Nuckolls,70.21,4041.0
Nebraska,Otoe,81.18,16198.0
Nebraska,Pawnee,52.04,2528.0
Nebraska,Perkins,116.62,2829.0
Nebraska,Phelps,91.01,8988.0
Nebraska,Pierce,53.98,7332.0
Nebraska,Platte,80.38,34296.0
Nebraska,Polk,58.7,5166.0
Nebraska,Red Willow,51.67,10573.0
Nebraska,Richardson,53.94,7705.0
Nebraska,Rock,66.24,1245.0
Nebraska,Saline,74.04,14116.0
Nebraska,Sarpy,50.06,196553.0
Nebraska,Saunders,35.16,23118.0
Nebraska,Scotts Bluff,47.91,35603.0
Nebraska,Seward,43.06,17692.0
Nebraska,Sheridan,66.62,4996.0
Nebraska,Sherman,42.48,2980.0
Nebraska,Sioux,56.8,1127.0
Nebraska,Stanton,59.46,5717.0
Nebraska,Thayer,81.57,4885.0
Nebraska,Thomas,45.27,671.0
Nebraska,Thurston,66.4,6507.0
Nebraska,Valley,70.95,4073.0
Nebraska,Washington,67.0,21167.0
Nebraska,Wayne,52.29,9871.0
Nebraska,Webster,71.87,3336.0
Nebraska,Wheeler,99.64,785.0
Nebraska,York,60.24,14354.0
Nevada,Carson City,61.62,58130.0
Nevada,Churchill,46.0,25843.0
Nevada,Clark,55.62,2322985.0
Nevada,Douglas,57.43,49628.0
Nevada,Elko,51.86,54046.0
Nevada,Esmeralda,54.86,744.0
Nevada,Eureka,743.97,1863.0
Nevada,Humboldt,77.34,17272.0
Nevada,Lander,148.43,5766.0
Nevada,Lincoln,37.56,4482.0
Nevada,Lyon,27.25,61585.0
Nevada,Mineral,51.7,4525.0
Nevada,Nye,32.91,54738.0
Nevada,Pershing,57.59,6462.0
Nevada,Storey,571.5,4170.0
Nevada,Washoe,61.49,496745.0
Nevada,White Pine,81.17,8788.0
New Hampshire,Belknap,46.5,64781.0
New Hampshire,Carroll,44.21,52199.0
New Hampshire,Cheshire,53.0,77350.0
New Hampshire,Coos,40.87,31504.0
New Hampshire,Grafton,79.28,91126.0
New Hampshire,Hillsborough,69.59,426594.0
New Hampshire,Merrimack,63.27,156020.0
New Hampshire,Rockingham,77.15,319424.0
New Hampshire,Strafford,46.53,132275.0
New Hampshire,Sullivan,36.83,43958.0
New Jersey,Atlantic,50.85,275638.0
New Jersey,Bergen,84.58,952997.0
New Jersey,Burlington,64.62,466103.0
New Jersey,Camden,48.53,524907.0
New Jersey,Cape May,58.11,95634.0
New Jersey,Cumberland,42.46,151356.0
New Jersey,Essex,64.71,849477.0
New Jersey,Gloucester,46.4,306601.0
New Jersey,Hudson,68.1,703366.0
New Jersey,Hunterdon,58.29,129777.0
New Jersey,Mercer,107.6,380688.0
New Jersey,Middlesex,77.0,861418.0
New Jersey,Monmouth,60.0,644098.0
New Jersey,Morris,113.13,511151.0
New Jersey,Ocean,34.84,655735.0
New Jersey,Passaic,41.77,513936.0
New Jersey,Salem,92.0,65117.0
New Jersey,Somerset,120.27,346875.0
New Jersey,Sussex,34.2,146084.0
New Jersey,Union,65.65,569815.0
New Jersey,Warren,35.62,110926.0
New Mexico,Bernalillo,58.6,672508.0
New Mexico,Catron,23.79,3827.0
New Mexico,Chaves,31.75,63894.0
New Mexico,Cibola,22.34,26950.0
New Mexico,Colfax,36.57,12246.0
New Mexico,Curry,64.95,47532.0
New Mexico,De Baca,44.94,1693.0
New Mexico,Dona Ana,35.24,223337.0
New Mexico,Eddy,103.11,60400.0
New Mexico,Grant,41.25,27686.0
New Mexico,Guadalupe,37.44,4310.0
New Mexico,Harding,64.99,628.0
New Mexico,Hidalgo,50.16,4003.0
New Mexico,Lea,80.87,72452.0
New Mexico,Lincoln,31.22,20411.0
New Mexico,Los Alamos,131.25,19187.0
New Mexico,Luna,33.16,25749.0
New Mexico,Mckinley,32.65,69830.0
New Mexico,Mora,25.17,4169.0
New Mexico,Otero,41.18,68823.0
New Mexico,Quay,34.05,8546.0
New Mexico,Rio Arriba,25.06,40048.0
New Mexico,Roosevelt,35.2,18934.0
New Mexico,San Juan,42.66,120418.0
New Mexico,San Miguel,24.26,26953.0
New Mexico,Sandoval,24.43,153501.0
New Mexico,Santa Fe,47.07,155664.0
New Mexico,Sierra,27.13,11436.0
New Mexico,Socorro,29.89,16115.0
New Mexico,Taos,29.3,34580.0
New Mexico,Torrance,32.17,15454.0
New Mexico,Union,40.09,3980.0
New Mexico,Valencia,20.9,78080.0
New York,Albany,109.43,315811.0
New York,Allegany,30.84,46694.0
New York,Bronx,31.3,1379946.0
New York,Broome,46.14,197117.0
New York,Cattaraugus,36.03,76439.0
New York,Cayuga,38.97,74998.0
New York,Chautauqua,35.98,126027.0
New York,Chemung,44.61,81426.0
New York,Chenango,45.68,46458.0
New York,Clinton,45.1,78753.0
New York,Columbia,39.68,61286.0
New York,Cortland,38.09,46126.0
New York,Delaware,45.72,44740.0
New York,Dutchess,49.37,297545.0
New York,Erie,62.72,950312.0
New York,Essex,45.85,36910.0
New York,Franklin,41.44,46373.0
New York,Fulton,34.39,52669.0
New York,Genesee,41.44,57535.0
New York,Greene,49.23,48061.0
New York,Hamilton,43.61,5118.0
New York,Herkimer,29.08,59822.0
New York,Jefferson,54.3,116637.0
New York,Kings,39.72,2590516.0
New York,Lewis,41.01,26699.0
New York,Livingston,34.5,61516.0
New York,Madison,33.63,67097.0
New York,Monroe,64.48,752035.0
New York,Montgomery,37.83,49623.0
New York,Nassau,72.81,1383726.0
New York,New York,480.37,1596273.0
New York,Niagara,46.11,210880.0
New York,Oneida,48.09,228846.0
New York,Onondaga,67.8,468249.0
New York,Ontario,56.37,112707.0
New York,Orange,49.51,405941.0
New York,Orleans,35.36,39318.0
New York,Oswego,58.36,118287.0
New York,Otsego,42.95,60636.0
New York,Putnam,39.21,98045.0
New York,Queens,43.53,2278029.0
New York,Rensselaer,61.32,159853.0
New York,Richmond,34.38,491133.0
New York,Rockland,53.71,339022.0
New York,Saratoga,51.1,238797.0
New York,Schenectady,57.69,160093.0
New York,Schoharie,32.06,30063.0
New York,Schuyler,28.82,17650.0
New York,Seneca,46.26,32882.0
New York,St Lawrence,43.81,107733.0
New York,Steuben,48.04,92599.0
New York,Suffolk,67.13,1525465.0
New York,Sullivan,39.46,79658.0
New York,Tioga,33.9,47772.0
New York,Tompkins,57.3,104777.0
New York,Ulster,40.75,182319.0
New York,Warren,70.96,65599.0
New York,Washington,33.2,60841.0
New York,Wayne,41.98,91125.0
New York,Westchester,87.1,990427.0
New York,Wyoming,45.84,39666.0
New York,Yates,42.1,24451.0
North Carolina,Alamance,37.85,176353.0
North Carolina,Alexander,23.11,36512.0
North Carolina,Alleghany,27.12,11185.0
North Carolina,Anson,34.31,22202.0
North Carolina,Ashe,28.16,27110.0
North Carolina,Avery,35.94,17571.0
North Carolina,Beaufort,42.38,44272.0
North Carolina,Bertie,36.51,17240.0
North Carolina,Bladen,48.08,29446.0
North Carolina,Brunswick,35.13,153064.0
North Carolina,Buncombe,54.43,273589.0
North Carolina,Burke,29.57,87881.0
North Carolina,Cabarrus,35.87,235797.0
North Carolina,Caldwell,29.75,80492.0
North Carolina,Camden,15.71,11088.0
North Carolina,Carteret,36.89,69380.0
North Carolina,Caswell,15.32,22614.0
North Carolina,Catawba,55.43,163462.0
North Carolina,Chatham,22.84,79864.0
North Carolina,Cherokee,26.96,29512.0
North Carolina,Chowan,41.37,13940.0
North Carolina,Clay,18.31,11614.0
North Carolina,Cleveland,41.84,100670.0
North Carolina,Columbus,30.17,49885.0
North Carolina,Craven,50.39,100874.0
North Carolina,Cumberland,53.93,336699.0
North Carolina,Currituck,26.83,31015.0
North Carolina,Dare,66.97,37956.0
North Carolina,Davidson,28.7,172586.0
North Carolina,Davie,32.18,44090.0
North Carolina,Duplin,44.62,48990.0
North Carolina,Durham,116.0,332680.0
North Carolina,Edgecombe,32.89,48301.0
North Carolina,Forsyth,66.41,389157.0
North Carolina,Franklin,23.54,74539.0
North Carolina,Gaston,33.72,234215.0
North Carolina,Gates,19.32,10383.0
North Carolina,Graham,29.08,7980.0
North Carolina,Granville,51.91,61903.0
North Carolina,Greene,22.6,20211.0
North Carolina,Guilford,62.39,546101.0
North Carolina,Halifax,29.87,47848.0
North Carolina,Harnett,19.61,138832.0
North Carolina,Haywood,30.66,62609.0
North Carolina,Henderson,35.82,118106.0
North Carolina,Hertford,39.96,20875.0
North Carolina,Hoke,20.63,53787.0
North Carolina,Hyde,39.78,4576.0
North Carolina,Iredell,53.24,195897.0
North Carolina,Jackson,37.93,42955.0
North Carolina,Johnston,31.95,234778.0
North Carolina,Jones,24.31,9233.0
North Carolina,Lee,42.53,65476.0
North Carolina,Lenoir,51.13,54633.0
North Carolina,Lincoln,32.95,93095.0
North Carolina,Macon,41.21,38065.0
North Carolina,Madison,19.17,21768.0
North Carolina,Martin,30.38,21508.0
North Carolina,McDowell,34.8,44753.0
North Carolina,Mecklenburg,111.31,1145392.0
North Carolina,Mitchell,35.48,15094.0
North Carolina,Montgomery,40.6,25894.0
North Carolina,Moore,36.64,105531.0
North Carolina,Nash,53.61,95789.0
North Carolina,New Hanover,63.01,234921.0
North Carolina,Northampton,31.54,16779.0
North Carolina,Onslow,43.89,207298.0
North Carolina,Orange,61.86,150477.0
North Carolina,Pamlico,24.02,12381.0
North Carolina,Pasquotank,38.81,40938.0
North Carolina,Pender,26.61,65737.0
North Carolina,Perquimans,21.65,13210.0
North Carolina,Person,37.39,39386.0
North Carolina,Pitt,53.26,173542.0
North Carolina,Polk,25.47,19986.0
North Carolina,Randolph,28.57,146043.0
North Carolina,Richmond,42.01,42778.0
North Carolina,Robeson,32.83,116663.0
North Carolina,Rockingham,30.06,91957.0
North Carolina,Rowan,37.96,149645.0
North Carolina,Rutherford,27.71,64963.0
North Carolina,Sampson,32.03,59120.0
North Carolina,Scotland,33.83,34162.0
North Carolina,Stanly,28.25,64153.0
North Carolina,Stokes,24.61,45175.0
North Carolina,Surry,35.66,71403.0
North Carolina,Swain,49.76,13967.0
North Carolina,Transylvania,51.34,33355.0
North Carolina,Tyrrell,34.19,3365.0
North Carolina,Union,33.35,249070.0
North Carolina,Vance,30.0,42138.0
North Carolina,Wake,77.79,1175021.0
North Carolina,Warren,17.1,18713.0
North Carolina,Washington,26.78,10828.0
North Carolina,Watauga,41.91,55089.0
North Carolina,Wayne,42.18,117286.0
North Carolina,Wilkes,37.05,65784.0
North Carolina,Wilson,48.19,78449.0
North Carolina,Yadkin,25.1,37463.0
North Carolina,Yancey,22.0,18811.0
North Dakota,Adams,46.57,2115.0
North Dakota,Barnes,57.73,10758.0
North Dakota,Benson,42.95,5770.0
North Dakota,Billings,166.44,1018.0
North Dakota,Bottineau,61.55,6376.0
North Dakota,Bowman,75.49,2894.0
North Dakota,Burke,85.97,2155.0
North Dakota,Burleigh,57.86,99280.0
North Dakota,Cass,70.04,192734.0
North Dakota,Cavalier,92.37,3597.0
North Dakota,Dickey,62.57,4923.0
North Dakota,Divide,76.32,2187.0
North Dakota,Dunn,310.02,4015.0
North Dakota,Eddy,48.98,2314.0
North Dakota,Emmons,60.56,3250.0
North Dakota,Foster,75.96,3378.0
North Dakota,Golden Valley,45.53,1744.0
North Dakota,Grand Forks,54.63,72413.0
North Dakota,Grant,42.2,2243.0
North Dakota,Griggs,66.63,2252.0
North Dakota,Hettinger,34.46,2406.0
North Dakota,Kidder,58.83,2393.0
North Dakota,Lamoure,57.02,4098.0
North Dakota,Logan,59.1,1855.0
North Dakota,McHenry,54.78,5189.0
North Dakota,McIntosh,65.55,2475.0
North Dakota,Mckenzie,234.83,13908.0
North Dakota,Mclean,83.99,9824.0
North Dakota,Mercer,102.12,8333.0
North Dakota,Morton,41.99,33710.0
North Dakota,Mountrail,187.91,9290.0
North Dakota,Nelson,43.89,2995.0
North Dakota,Oliver,124.07,1856.0
North Dakota,Pembina,71.45,6763.0
North Dakota,Pierce,63.29,3942.0
North Dakota,Ramsey,51.85,11515.0
North Dakota,Ransom,46.26,5640.0
North Dakota,Renville,61.54,2220.0
North Dakota,Richland,52.42,16580.0
North Dakota,Rolette,30.85,11933.0
North Dakota,Sargent,234.35,3795.0
North Dakota,Sheridan,57.29,1295.0
North Dakota,Sioux,31.35,3711.0
North Dakota,Slope,51.93,672.0
North Dakota,Stark,75.09,32803.0
North Dakota,Steele,78.62,1788.0
North Dakota,Stutsman,56.81,21487.0
North Dakota,Towner,69.13,2064.0
North Dakota,Traill,52.92,7958.0
North Dakota,Walsh,54.92,10438.0
North Dakota,Ward,54.02,68870.0
North Dakota,Wells,67.89,3930.0
North Dakota,Williams,120.81,38109.0
Ohio,Adams,28.12,27420.0
Ohio,Allen,82.72,101115.0
Ohio,Ashland,35.23,52181.0
Ohio,Ashtabula,32.45,97014.0
Ohio,Athens,34.47,58979.0
Ohio,Auglaize,54.87,45948.0
Ohio,Belmont,44.14,65509.0
Ohio,Brown,20.39,43680.0
Ohio,Butler,56.13,388420.0
Ohio,Carroll,40.11,26659.0
Ohio,Champaign,31.92,38709.0
Ohio,Clark,34.49,134831.0
Ohio,Clermont,40.3,210805.0
Ohio,Clinton,56.99,41964.0
Ohio,Columbiana,31.54,100511.0
Ohio,Coshocton,32.64,36571.0
Ohio,Crawford,33.15,41522.0
Ohio,Cuyahoga,81.66,1236041.0
Ohio,Darke,41.06,51529.0
Ohio,Defiance,43.64,38187.0
Ohio,Delaware,60.35,226296.0
Ohio,Erie,54.36,74501.0
Ohio,Fairfield,29.97,162898.0
Ohio,Fayette,78.04,28839.0
Ohio,Franklin,80.47,1321820.0
Ohio,Fulton,48.38,42171.0
Ohio,Gallia,70.25,29068.0
Ohio,Geauga,46.38,95469.0
Ohio,Greene,63.78,168456.0
Ohio,Guernsey,53.4,38098.0
Ohio,Hamilton,98.08,825037.0
Ohio,Hancock,70.88,74861.0
Ohio,Hardin,30.19,30416.0
Ohio,Harrison,63.78,14378.0
Ohio,Henry,53.95,27512.0
Ohio,Highland,31.19,43391.0
Ohio,Hocking,22.45,27858.0
Ohio,Holmes,57.11,44390.0
Ohio,Huron,39.69,58218.0
Ohio,Jackson,31.06,32586.0
Ohio,Jefferson,53.53,64330.0
Ohio,Knox,33.12,63183.0
Ohio,Lake,50.16,231842.0
Ohio,Lawrence,32.0,56653.0
Ohio,Licking,42.53,181359.0
Ohio,Logan,44.06,46040.0
Ohio,Lorain,34.56,316268.0
Ohio,Lucas,59.92,426643.0
Ohio,Madison,46.99,43540.0
Ohio,Mahoning,41.42,225636.0
Ohio,Marion,41.32,64642.0
Ohio,Medina,41.58,183512.0
Ohio,Meigs,17.56,21969.0
Ohio,Mercer,53.73,42348.0
Ohio,Miami,41.03,110247.0
Ohio,Monroe,72.75,13234.0
Ohio,Montgomery,56.61,533892.0
Ohio,Morgan,27.8,13668.0
Ohio,Morrow,18.87,35339.0
Ohio,Muskingum,44.64,86113.0
Ohio,Noble,26.84,14335.0
Ohio,Ottawa,51.82,39978.0
Ohio,Paulding,32.17,18757.0
Ohio,Perry,20.02,35480.0
Ohio,Pickaway,32.73,60023.0
Ohio,Pike,39.9,27005.0
Ohio,Portage,39.94,161745.0
Ohio,Preble,31.51,40596.0
Ohio,Putnam,37.79,34334.0
Ohio,Richland,36.7,125319.0
Ohio,Ross,42577.85696635497,76891.0
Ohio,Sandusky,50.45,58667.0
Ohio,Scioto,36.89,72194.0
Ohio,Seneca,38.12,54632.0
Ohio,Shelby,67.93,47671.0
Ohio,Stark,45.66,372657.0
Ohio,Summit,57.94,535882.0
Ohio,Trumbull,34.52,200643.0
Ohio,Tuscarawas,41.5,91937.0
Ohio,Union,68.25,66898.0
Ohio,Van Wert,44.46,28769.0
Ohio,Vinton,23.92,12565.0
Ohio,Warren,55.15,249778.0
Ohio,Washington,60.1,58901.0
Ohio,Wayne,56.08,116559.0
Ohio,Williams,47.66,36652.0
Ohio,Wood,59.03,131592.0
Ohio,Wyandot,49.94,21567.0
Oklahoma,Adair,21.96,19576.0
Oklahoma,Alfalfa,60.97,5637.0
Oklahoma,Atoka,24.45,14262.0
Oklahoma,Beaver,84.88,5016.0
Oklahoma,Beckham,41.56,22009.0
Oklahoma,Blaine,127.49,8409.0
Oklahoma,Bryan,37.85,48182.0
Oklahoma,Caddo,35.49,26198.0
Oklahoma,Canadian,32.58,169149.0
Oklahoma,Carter,51.56,48510.0
Oklahoma,Cherokee,28.56,48098.0
Oklahoma,Choctaw,28.64,14358.0
Oklahoma,Cimarron,81.5,2252.0
Oklahoma,Cleveland,30.3,299587.0
Oklahoma,Coal,47.71,5313.0
Oklahoma,Comanche,41.78,123046.0
Oklahoma,Cotton,25.73,5477.0
Oklahoma,Craig,30.73,14123.0
Oklahoma,Creek,27.78,72699.0
Oklahoma,Custer,51.66,27886.0
Oklahoma,Delaware,21.3,41413.0
Oklahoma,Dewey,122.98,4401.0
Oklahoma,Ellis,123.24,3657.0
Oklahoma,Garfield,44.8,61920.0
Oklahoma,Garvin,61.37,25713.0
Oklahoma,Grady,39.48,56658.0
Oklahoma,Grant,67.16,4124.0
Oklahoma,Greer,16.33,5547.0
Oklahoma,Harmon,32.49,2428.0
Oklahoma,Harper,61.02,3129.0
Oklahoma,Haskell,29.88,11641.0
Oklahoma,Hughes,54.01,13407.0
Oklahoma,Jackson,45.07,24556.0
Oklahoma,Jefferson,18.91,5389.0
Oklahoma,Johnston,42.99,10406.0
Oklahoma,Kay,42.93,43668.0
Oklahoma,Kingfisher,116.72,15293.0
Oklahoma,Kiowa,29.57,8345.0
Oklahoma,Latimer,28.97,9630.0
Oklahoma,Le Flore,27.06,48907.0
Oklahoma,Lincoln,24.77,34188.0
Oklahoma,Logan,16.48,51933.0
Oklahoma,Love,56.8,10218.0
Oklahoma,Major,53.56,7502.0
Oklahoma,Marshall,31.78,15882.0
Oklahoma,Mayes,49.68,39589.0
Oklahoma,McCurtain,38.62,30931.0
Oklahoma,McIntosh,19.33,19451.0
Oklahoma,Mcclain,30.52,45306.0
Oklahoma,Murray,38.11,13672.0
Oklahoma,Muskogee,43.44,66354.0
Oklahoma,Noble,60.14,10896.0
Oklahoma,Nowata,19.42,9483.0
Oklahoma,Okfuskee,20.7,11134.0
Oklahoma,Oklahoma,70.55,802559.0
Oklahoma,Okmulgee,22.16,36990.0
Oklahoma,Osage,20.52,45839.0
Oklahoma,Ottawa,35.18,30338.0
Oklahoma,Pawnee,21.85,15757.0
Oklahoma,Payne,39.9,82794.0
Oklahoma,Pittsburg,42.86,43613.0
Oklahoma,Pontotoc,53.39,38141.0
Oklahoma,Pottawatomie,31.24,73533.0
Oklahoma,Pushmataha,24.33,10769.0
Oklahoma,Roger Mills,96.14,3320.0
Oklahoma,Rogers,32.66,98836.0
Oklahoma,Seminole,32.09,23351.0
Oklahoma,Sequoyah,19.47,39667.0
Oklahoma,Stephens,43.14,43710.0
Oklahoma,Texas,96.62,20495.0
Oklahoma,Tillman,25.26,6977.0
Oklahoma,Tulsa,64.23,677358.0
Oklahoma,Wagoner,15.42,86644.0
Oklahoma,Washington,59.62,53242.0
Oklahoma,Washita,30.03,10732.0
Oklahoma,Woods,59.28,8587.0
Oklahoma,Woodward,57.88,19990.0
Oregon,Baker,32.17,16938.0
Oregon,Benton,48.37,97630.0
Oregon,Clackamas,52.76,423177.0
Oregon,Clatsop,47.71,41695.0
Oregon,Columbia,26.81,53588.0
Oregon,Coos,37.03,64990.0
Oregon,Crook,38.76,26375.0
Oregon,Curry,29.73,23598.0
Oregon,Deschutes,55.77,206549.0
Oregon,Douglas,35.03,112297.0
Oregon,Gilliam,137.62,2018.0
Oregon,Grant,37.06,7218.0
Oregon,Harney,41.15,7515.0
Oregon,Hood River,55.08,24048.0
Oregon,Jackson,45.18,221644.0
Oregon,Jefferson,29.65,25330.0
Oregon,Josephine,34.76,87730.0
Oregon,Klamath,35.05,70212.0
Oregon,Lake,36.86,8385.0
Oregon,Lane,45.44,382353.0
Oregon,Lincoln,39.39,50813.0
Oregon,Linn,37.51,130467.0
Oregon,Malheur,36.48,31879.0
Oregon,Marion,50.68,346703.0
Oregon,Morrow,106.49,12300.0
Oregon,Multnomah,88.19,795083.0
Oregon,Polk,24.11,89614.0
Oregon,Sherman,244.22,1955.0
Oregon,Tillamook,43.94,27574.0
Oregon,Umatilla,41.55,80215.0
Oregon,Union,38.28,26177.0
Oregon,Wallowa,43.24,7659.0
Oregon,Wasco,62.45,26561.0
Oregon,Washington,87.07,600176.0
Oregon,Wheeler,22.94,1445.0
Oregon,Yamhill,35.64,108226.0
Pennsylvania,Adams,35.59,106027.0
Pennsylvania,Allegheny,82.33,1233253.0
Pennsylvania,Armstrong,31.21,64747.0
Pennsylvania,Beaver,41.22,165677.0
Pennsylvania,Bedford,31.03,47418.0
Pennsylvania,Berks,46.65,430449.0
Pennsylvania,Blair,50.52,121032.0
Pennsylvania,Bradford,64.24,59866.0
Pennsylvania,Bucks,54.73,645054.0
Pennsylvania,Butler,54.15,197300.0
Pennsylvania,Cambria,35.2,131441.0
Pennsylvania,Cameron,42.5,4418.0
Pennsylvania,Carbon,38.9,65460.0
Pennsylvania,Centre,55.54,158425.0
Pennsylvania,Chester,83.5,545823.0
Pennsylvania,Clarion,29.24,37346.0
Pennsylvania,Clearfield,35.87,77904.0
Pennsylvania,Clinton,42.76,37931.0
Pennsylvania,Columbia,37.36,64926.0
Pennsylvania,Crawford,33.86,82670.0
Pennsylvania,Cumberland,64.07,268579.0
Pennsylvania,Dauphin,77.57,288800.0
Pennsylvania,Delaware,58.75,575182.0
Pennsylvania,Elk,43.73,30477.0
Pennsylvania,Erie,41.71,267689.0
Pennsylvania,Fayette,32.7,125755.0
Pennsylvania,Forest,31.72,6626.0
Pennsylvania,Franklin,38.89,156902.0
Pennsylvania,Fulton,42.86,14533.0
Pennsylvania,Greene,81.89,34663.0
Pennsylvania,Huntingdon,28.27,43281.0
Pennsylvania,Indiana,43.78,82957.0
Pennsylvania,Jefferson,31.5,43794.0
Pennsylvania,Juniata,32.24,23339.0
Pennsylvania,Lackawanna,46.97,215615.0
Pennsylvania,Lancaster,53.1,556629.0
Pennsylvania,Lawrence,38.0,84849.0
Pennsylvania,Lebanon,41.81,144011.0
Pennsylvania,Lehigh,64.55,376317.0
Pennsylvania,Luzerne,46.46,326369.0
Pennsylvania,Lycoming,50.07,113104.0
Pennsylvania,McKean,41.99,39866.0
Pennsylvania,Mercer,37.78,109220.0
Pennsylvania,Mifflin,36.57,45988.0
Pennsylvania,Monroe,50.0,167198.0
Pennsylvania,Montgomery,98.1,864683.0
Pennsylvania,Montour,112.74,18091.0
Pennsylvania,Northampton,48.69,318526.0
Pennsylvania,Northumberland,36.08,90133.0
Pennsylvania,Perry,21.69,46114.0
Pennsylvania,Philadelphia,67.16,1567258.0
Pennsylvania,Pike,22.91,60558.0
Pennsylvania,Potter,53.86,16220.0
Pennsylvania,Schuylkill,33.04,143104.0
Pennsylvania,Snyder,39.37,39652.0
Pennsylvania,Somerset,31.75,72710.0
Pennsylvania,Sullivan,40.18,5855.0
Pennsylvania,Susquehanna,60.17,38074.0
Pennsylvania,Tioga,37.31,41106.0
Pennsylvania,Union,43.74,42744.0
Pennsylvania,Venango,33.8,49777.0
Pennsylvania,Warren,33.37,37808.0
Pennsylvania,Washington,62.88,210383.0
Pennsylvania,Wayne,36.84,51173.0
Pennsylvania,Westmoreland,41.4,352057.0
Pennsylvania,Wyoming,57.71,26014.0
Pennsylvania,York,45.75,461058.0
Rhode Island,Bristol,37.07,50360.0
Rhode Island,Kent,56.03,171275.0
Rhode Island,Newport,78.5,84481.0
Rhode Island,Providence,54.03,657288.0
Rhode Island,Washington,55.0,130330.0
South Carolina,Abbeville,22.51,24356.0
South Carolina,Aiken,40.27,174150.0
South Carolina,Allendale,33.67,7579.0
South Carolina,Anderson,35.74,209581.0
South Carolina,Bamberg,24.23,12908.0
South Carolina,Barnwell,21.78,20414.0
South Carolina,Beaufort,46.12,196371.0
South Carolina,Berkeley,36.38,245117.0
South Carolina,Calhoun,43.37,14179.0
South Carolina,Charleston,79.65,419279.0
South Carolina,Cherokee,30.62,56121.0
South Carolina,Chester,34.86,31931.0
South Carolina,Chesterfield,31.58,43683.0
South Carolina,Clarendon,21.07,30913.0
South Carolina,Colleton,24.07,38599.0
South Carolina,Darlington,42.97,62398.0
South Carolina,Dillon,27.67,27738.0
South Carolina,Dorchester,25.41,166133.0
South Carolina,Edgefield,22.91,26932.0
South Carolina,Fairfield,50.77,20455.0
South Carolina,Florence,52.94,136721.0
South Carolina,Georgetown,42.8,64722.0
South Carolina,Greenville,60.72,547950.0
South Carolina,Greenwood,47.43,69267.0
South Carolina,Hampton,23.99,18113.0
South Carolina,Horry,38.5,383101.0
South Carolina,Jasper,41.73,32039.0
South Carolina,Kershaw,31.14,67751.0
South Carolina,Lancaster,34.26,104577.0
South Carolina,Laurens,34.02,67965.0
South Carolina,Lee,21.96,16153.0
South Carolina,Lexington,44.49,304797.0
South Carolina,Marion,21.29,28450.0
South Carolina,Marlboro,31.42,26039.0
South Carolina,McCormick,22.48,9764.0
South Carolina,Newberry,37.15,38247.0
South Carolina,Oconee,46.26,80180.0
South Carolina,Orangeburg,33.49,83094.0
South Carolina,Pickens,30.72,133462.0
South Carolina,Richland,63.17,421566.0
South Carolina,Saluda,25.31,18938.0
South Carolina,Spartanburg,47.71,345831.0
South Carolina,Sumter,41.17,104012.0
South Carolina,Union,26.39,26752.0
South Carolina,Williamsburg,24.19,30058.0
South Carolina,York,46.55,294248.0
South Dakota,Aurora,38.8,2755.0
South Dakota,Beadle,45.11,19376.0
South Dakota,Bennett,27.83,3336.0
South Dakota,Bon Homme,31.35,7062.0
South Dakota,Brookings,60.9,35484.0
South Dakota,Brown,63.11,37972.0
South Dakota,Brule,47.04,5321.0
South Dakota,Buffalo,43.24,1861.0
South Dakota,Butte,29.71,10774.0
South Dakota,Campbell,86.71,1349.0
South Dakota,Charles Mix,45.97,9213.0
South Dakota,Clark,61.62,3912.0
South Dakota,Clay,40.2,15280.0
South Dakota,Codington,53.93,28721.0
South Dakota,Corson,25.78,3826.0
South Dakota,Custer,28.17,9006.0
South Dakota,Davison,61.4,19973.0
South Dakota,Day,52.22,5479.0
South Dakota,Deuel,82.54,4352.0
South Dakota,Dewey,41.26,5140.0
South Dakota,Douglas,69.07,2776.0
South Dakota,Edmunds,69.99,4065.0
South Dakota,Fall River,31.95,7370.0
South Dakota,Faulk,72.68,2126.0
South Dakota,Grant,67.87,7463.0
South Dakota,Gregory,42.85,3962.0
South Dakota,Haakon,65.67,1826.0
South Dakota,Hamlin,43.7,6352.0
South Dakota,Hand,62.5,3140.0
South Dakota,Hanson,44.23,3461.0
South Dakota,Harding,48.97,1330.0
South Dakota,Hughes,68.61,17692.0
South Dakota,Hutchinson,52.62,7368.0
South Dakota,Hyde,108.26,1184.0
South Dakota,Jackson,24.58,2821.0
South Dakota,Jerauld,100.53,1650.0
South Dakota,Jones,74.45,884.0
South Dakota,Kingsbury,50.84,5294.0
South Dakota,Lake,54.26,10972.0
South Dakota,Lawrence,46.85,27214.0
South Dakota,Lincoln,71.46,70987.0
South Dakota,Lyman,44.78,3692.0
South Dakota,Marshall,64.23,4374.0
South Dakota,McCook,45.61,5778.0
South Dakota,McPherson,54.31,2395.0
South Dakota,Meade,27.98,30698.0
South Dakota,Mellette,20.82,1892.0
South Dakota,Miner,50.71,2304.0
South Dakota,Minnehaha,85.3,203971.0
South Dakota,Moody,49.98,6349.0
South Dakota,Pennington,52.85,114461.0
South Dakota,Perkins,48.15,2804.0
South Dakota,Potter,64.98,2438.0
South Dakota,Roberts,36.89,10163.0
South Dakota,Sanborn,45.69,2415.0
South Dakota,Spink,66.91,6235.0
South Dakota,Stanley,46.76,2999.0
South Dakota,Sully,87.47,1471.0
South Dakota,Todd,26.49,9220.0
South Dakota,Tripp,43.71,5565.0
South Dakota,Turner,46.91,8856.0
South Dakota,Union,103.18,17063.0
South Dakota,Walworth,49.75,5265.0
South Dakota,Yankton,56.48,23373.0
South Dakota,Ziebach,17.7,2395.0
Tennessee,Anderson,67.02,78913.0
Tennessee,Bedford,39.54,51950.0
Tennessee,Benton,24.93,16002.0
Tennessee,Bledsoe,14.63,14798.0
Tennessee,Blount,44.72,139958.0
Tennessee,Bradley,43.11,110616.0
Tennessee,Campbell,24.38,39584.0
Tennessee,Cannon,20.26,14788.0
Tennessee,Carroll,22.02,28458.0
Tennessee,Carter,19.39,56410.0
Tennessee,Cheatham,30.0,41830.0
Tennessee,Chester,20.82,17609.0
Tennessee,Claiborne,23.92,32431.0
Tennessee,Clay,23.27,7620.0
Tennessee,Cocke,22.11,36879.0
Tennessee,Coffee,51.03,59728.0
Tennessee,Crockett,40.61,13888.0
Tennessee,Cumberland,28.13,63522.0
Tennessee,Davidson,112.88,708144.0
Tennessee,Decatur,26.59,11564.0
Tennessee,Dekalb,35.14,21003.0
Tennessee,Dickson,36.82,55761.0
Tennessee,Dyer,51.1,36410.0
Tennessee,Fayette,29.71,43630.0
Tennessee,Fentress,25.55,19332.0
Tennessee,Franklin,28.67,43942.0
Tennessee,Gibson,30.84,50837.0
Tennessee,Giles,38.36,30554.0
Tennessee,Grainger,19.94,24277.0
Tennessee,Greene,34.36,71405.0
Tennessee,Grundy,17.37,13783.0
Tennessee,Hamblen,51.51,65168.0
Tennessee,Hamilton,73.07,374682.0
Tennessee,Hancock,12.54,6845.0
Tennessee,Hardeman,23.16,25529.0
Tennessee,Hardin,38.28,27077.0
Tennessee,Hawkins,28.08,58043.0
Tennessee,Haywood,39.52,17550.0
Tennessee,Henderson,28.18,27929.0
Tennessee,Henry,40.03,32379.0
Tennessee,Hickman,20.27,25455.0
Tennessee,Houston,18.07,8219.0
Tennessee,Humphreys,41.98,19106.0
Tennessee,Jackson,18.71,11989.0
Tennessee,Jefferson,30.16,56727.0
Tennessee,Johnson,24.26,18086.0
Tennessee,Knox,61.86,494574.0
Tennessee,Lake,23.14,6507.0
Tennessee,Lauderdale,31.43,24793.0
Tennessee,Lawrence,25.19,45415.0
Tennessee,Lewis,24.8,12957.0
Tennessee,Lincoln,30.56,36004.0
Tennessee,Loudon,39.56,58181.0
Tennessee,Macon,20.4,26229.0
Tennessee,Madison,63.9,99245.0
Tennessee,Marion,28.05,29094.0
Tennessee,Marshall,35.35,35878.0
Tennessee,Maury,43.17,108159.0
Tennessee,McMinn,41.02,54719.0
Tennessee,McNairy,21.16,25988.0
Tennessee,Meigs,19.65,13272.0
Tennessee,Monroe,30.71,47740.0
Tennessee,Montgomery,27.27,235201.0
Tennessee,Moore,78.34,6742.0
Tennessee,Morgan,14.15,21224.0
Tennessee,Obion,42.36,30394.0
Tennessee,Overton,24.51,23044.0
Tennessee,Perry,19.83,8685.0
Tennessee,Pickett,25.99,5107.0
Tennessee,Polk,18.73,17863.0
Tennessee,Putnam,45.83,82382.0
Tennessee,Rhea,56.64,33730.0
Tennessee,Roane,48.05,55082.0
Tennessee,Robertson,33.88,75470.0
Tennessee,Rutherford,53.46,360619.0
Tennessee,Scott,22.11,22035.0
Tennessee,Sequatchie,18.79,16909.0
Tennessee,Sevier,50.25,98789.0
Tennessee,Shelby,72.64,916371.0
Tennessee,Smith,34.78,20489.0
Tennessee,Stewart,56.43,14035.0
Tennessee,Sullivan,54.04,160820.0
Tennessee,Sumner,37.87,203858.0
Tennessee,Tipton,21.48,61656.0
Tennessee,Trousdale,16.54,12111.0
Tennessee,Unicoi,32.96,17674.0
Tennessee,Union,15.67,20452.0
Tennessee,Van Buren,15.8,6429.0
Tennessee,Warren,34.15,42026.0
Tennessee,Washington,48.22,136172.0
Tennessee,Wayne,21.02,16308.0
Tennessee,Weakley,35.31,33063.0
Tennessee,White,28.15,28064.0
Tennessee,Williamson,104.62,260815.0
Tennessee,Wilson,41.1,158555.0
Texas,Anderson,35.5,58064.0
Texas,Andrews,157.8,18334.0
Texas,Angelina,36.8,87101.0
Texas,Aransas,28.43,24944.0
Texas,Archer,31.5,8835.0
Texas,Armstrong,24.33,1850.0
Texas,Atascosa,51.14,50864.0
Texas,Austin,51.29,31097.0
Texas,Bailey,58.13,6779.0
Texas,Bandera,17.32,22115.0
Texas,Bastrop,25.06,106188.0
Texas,Baylor,48.85,3466.0
Texas,Bee,22.09,30394.0
Texas,Bell,45.81,388386.0
Texas,Bexar,53.35,2059530.0
Texas,Blanco,37.07,12418.0
Texas,Borden,726.99,585.0
Texas,Bosque,31.16,18697.0
Texas,Bowie,39.8,92035.0
Texas,Brazoria,41.22,388181.0
Texas,Brazos,45.32,242014.0
Texas,Brewster,42.98,9343.0
Texas,Briscoe,73.9,1431.0
Texas,Brooks,40.05,6906.0
Texas,Brown,36.61,38373.0
Texas,Burleson,52.95,18657.0
Texas,Burnet,35.19,52502.0
Texas,Caldwell,20.94,47848.0
Texas,Calhoun,173.21,19706.0
Texas,Callahan,20.7,14210.0
Texas,Cameron,27.42,425208.0
Texas,Camp,28.57,12716.0
Texas,Carson,161.51,5784.0
Texas,Cass,34.1,28539.0
Texas,Castro,91.17,7298.0
Texas,Chambers,49.13,51288.0
Texas,Cherokee,25.8,51645.0
Texas,Childress,36.57,6809.0
Texas,Clay,20.45,10486.0
Texas,Cochran,93.75,2526.0
Texas,Coke,54.28,3333.0
Texas,Coleman,26.34,7850.0
Texas,Collin,66.09,1158696.0
Texas,Collingsworth,31.46,2568.0
Texas,Colorado,42.32,20754.0
Texas,Comal,41.5,184642.0
Texas,Comanche,29.51,13878.0
Texas,Concho,38.55,3340.0
Texas,Cooke,51.07,43050.0
Texas,Coryell,19.69,85057.0
Texas,Cottle,55.1,1307.0
Texas,Crane,124.13,4546.0
Texas,Crockett,197.62,2943.0
Texas,Crosby,49.66,4998.0
Texas,Culberson,1161.44,2155.0
Texas,Dallam,92.26,7241.0
Texas,Dallas,109.01,2600840.0
Texas,Dawson,50.88,12130.0
Texas,De Witt,164.26,19772.0
Texas,Deaf Smith,75.93,18377.0
Texas,Delta,18.34,5406.0
Texas,Denton,44.11,977281.0
Texas,Dickens,50.55,1726.0
Texas,Dimmit,278.49,8387.0
Texas,Donley,38.26,3339.0
Texas,Duval,31.55,9888.0
Texas,Eastland,39.91,17944.0
Texas,Ector,65.93,160869.0
Texas,Edwards,57.39,1422.0
Texas,El Paso,39.53,868763.0
Texas,Ellis,31.8,212182.0
Texas,Erath,35.06,43895.0
Texas,Falls,22.26,17049.0
Texas,Fannin,25.25,37125.0
Texas,Fayette,67.72,24913.0
Texas,Fisher,75.66,3622.0
Texas,Floyd,67.79,5235.0
Texas,Foard,93.21,1057.0
Texas,Fort Bend,36.13,889146.0
Texas,Franklin,37.54,10618.0
Texas,Freestone,44.94,19950.0
Texas,Frio,57.94,17815.0
Texas,Gaines,74.42,22181.0
Texas,Galveston,45.85,357117.0
Texas,Garza,34.64,6262.0
Texas,Gillespie,46.01,27477.0
Texas,Glasscock,1861.93,1164.0
Texas,Goliad,43.96,7131.0
Texas,Gonzales,126.84,19832.0
Texas,Gray,44.81,21015.0
Texas,Grayson,36.51,143131.0
Texas,Gregg,59.78,125443.0
Texas,Grimes,31.55,30754.0
Texas,Guadalupe,49.96,182760.0
Texas,Hale,39.77,31827.0
Texas,Hall,35.73,2810.0
Texas,Hamilton,30.57,8298.0
Texas,Hansford,89.57,5151.0
Texas,Hardeman,58.4,3516.0
Texas,Hardin,23.3,57811.0
Texas,Harris,82.42,4780913.0
Texas,Harrison,59.86,69955.0
Texas,Hartley,129.47,5208.0
Texas,Haskell,59.8,5403.0
Texas,Hays,33.98,269225.0
Texas,Hemphill,134.54,3217.0
Texas,Henderson,21.38,84511.0
Texas,Hidalgo,25.32,888367.0
Texas,Hill,27.43,37329.0
Texas,Hockley,69.25,21161.0
Texas,Hood,35.27,66373.0
Texas,Hopkins,42.15,37804.0
Texas,Houston,40.67,21950.0
Texas,Howard,182.31,33672.0
Texas,Hudspeth,45.17,3432.0
Texas,Hunt,43.06,108282.0
Texas,Hutchinson,265.32,20215.0
Texas,Irion,484.21,1530.0
Texas,Jack,48.47,8922.0
Texas,Jackson,40.28,15142.0
Texas,Jasper,31.12,32484.0
Texas,Jeff Davis,36.39,1903.0
Texas,Jefferson,68.38,250830.0
Texas,Jim Hogg,34.43,4763.0
Texas,Jim Wells,37.29,38826.0
Texas,Johnson,31.58,195506.0
Texas,Jones,23.08,19935.0
Texas,Karnes,366.36,14836.0
Texas,Kaufman,25.36,172366.0
Texas,Kendall,45.54,48973.0
Texas,Kenedy,720.49,358.0
Texas,Kent,193.35,740.0
Texas,Kerr,41.49,53741.0
Texas,Kimble,32.44,4422.0
Texas,King,310.0,233.0
Texas,Kinney,35.82,3128.0
Texas,Kleberg,36.25,30362.0
Texas,Knox,59.21,3273.0
Texas,La Salle,431.27,6604.0
Texas,Lamar,51.88,50484.0
Texas,Lamb,54.62,12724.0
Texas,Lampasas,22.04,22785.0
Texas,Lavaca,52.89,20589.0
Texas,Lee,47.35,17954.0
Texas,Leon,44.83,16209.0
Texas,Liberty,21.68,101992.0
Texas,Limestone,56.83,22253.0
Texas,Lipscomb,165.99,2854.0
Texas,Live Oak,111.6,11428.0
Texas,Llano,34.4,22540.0
Texas,Loving,120097.35,51.0
Texas,Lubbock,45.27,317561.0
Texas,Lynn,58.21,5724.0
Texas,Madison,36.38,13661.0
Texas,Marion,28.35,9560.0
Texas,Martin,1337.95,5217.0
Texas,Mason,27.77,3982.0
Texas,Matagorda,61.87,36125.0
Texas,Maverick,29.75,57843.0
Texas,McCulloch,41.84,7497.0
Texas,McLennan,48.49,266836.0
Texas,McMullen,1960.16,576.0
Texas,Medina,20.33,53723.0
Texas,Menard,24.95,1968.0
Texas,Midland,140.12,171999.0
Texas,Milam,24.24,25628.0
Texas,Mills,46.64,4500.0
Texas,Mitchell,31.14,8943.0
Texas,Montague,30.31,21063.0
Texas,Montgomery,48.68,678490.0
Texas,Moore,132.74,20996.0
Texas,Morris,45.99,12083.0
Texas,Motley,25.65,1032.0
Texas,Nacogdoches,39.77,64862.0
Texas,Navarro,29.31,54636.0
Texas,Newton,36.88,12052.0
Texas,Nolan,66.56,14473.0
Texas,Nueces,54.43,351674.0
Texas,Ochiltree,87.36,9606.0
Texas,Oldham,178.28,1752.0
Texas,Orange,43.88,84934.0
Texas,Palo Pinto,33.15,29239.0
Texas,Panola,103.64,22677.0
Texas,Parker,28.76,165834.0
Texas,Parmer,100.51,9620.0
Texas,Pecos,152.68,14735.0
Texas,Polk,23.77,53255.0
Texas,Potter,76.05,115645.0
Texas,Presidio,39.91,5939.0
Texas,Rains,16.69,12823.0
Texas,Randall,28.97,146140.0
Texas,Reagan,850.8,3135.0
Texas,Real,29.18,2840.0
Texas,Red River,26.29,11542.0
Texas,Reeves,737.08,12905.0
Texas,Refugio,44.63,6632.0
Texas,Roberts,221.77,803.0
Texas,Robertson,127.09,17153.0
Texas,Rockwall,38.32,123208.0
Texas,Runnels,30.35,9859.0
Texas,Rusk,45.65,53333.0
Texas,Sabine,23.81,10048.0
Texas,San Augustine,110.7,7857.0
Texas,San Jacinto,12.01,28348.0
Texas,San Patricio,42.13,69954.0
Texas,San Saba,25.22,5824.0
Texas,Schleicher,51.87,2357.0
Texas,Scurry,87.21,16686.0
Texas,Shackelford,80.09,3186.0
Texas,Shelby,54.42,24008.0
Texas,Sherman,164.39,2799.0
Texas,Smith,48.01,241922.0
Texas,Somervell,131.14,9757.0
Texas,Starr,19.62,65728.0
Texas,Stephens,37.77,9390.0
Texas,Sterling,158.38,1417.0
Texas,Stonewall,101.26,1182.0
Texas,Sutton,68.71,3217.0
Texas,Swisher,68.58,6881.0
Texas,Tarrant,56.92,2154595.0
Texas,Taylor,46.98,145163.0
Texas,Terrell,110.09,693.0
Texas,Terry,41.1,11567.0
Texas,Throckmorton,62.45,1550.0
Texas,Titus,61.17,31208.0
Texas,Tom Green,53.46,118892.0
Texas,Travis,105.55,1326436.0
Texas,Trinity,17.6,13996.0
Texas,Tyler,21.83,20030.0
Texas,Upshur,19.78,42488.0
Texas,Upton,1251.21,3152.0
Texas,Uvalde,36.1,24940.0
Texas,Val Verde,38.12,47606.0
Texas,Van Zandt,19.68,62859.0
Texas,Victoria,48.97,91065.0
Texas,Walker,27.12,78870.0
Texas,Waller,49.93,61894.0
Texas,Ward,262.37,10964.0
Texas,Washington,60.08,36159.0
Texas,Webb,42.5,267780.0
Texas,Wharton,44.55,41824.0
Texas,Wheeler,87.44,4807.0
Texas,Wichita,43.69,129978.0
Texas,Wilbarger,56.52,12491.0
Texas,Willacy,27.84,20143.0
Texas,Williamson,40.85,671418.0
Texas,Wilson,19.91,52735.0
Texas,Winkler,192.41,7306.0
Texas,Wise,40.11,74895.0
Texas,Wood,31.19,46857.0
Texas,Yoakum,192.96,7451.0
Texas,Young,48.87,17962.0
Texas,Zapata,43.15,13849.0
Texas,Zavala,61.24,9377.0
Utah,Beaver,58.52,7327.0
Utah,Box Elder,40.04,61498.0
Utah,Cache,45.51,140173.0
Utah,Carbon,51.56,20571.0
Utah,Daggett,90.23,1014.0
Utah,Davis,44.73,369948.0
Utah,Duchesne,53.45,20161.0
Utah,Emery,107.24,10099.0
Utah,Garfield,57.55,5281.0
Utah,Grand,67.61,9769.0
Utah,Iron,33.0,62429.0
Utah,Juab,49.02,12567.0
Utah,Kane,52.55,8227.0
Utah,Millard,67.74,13330.0
Utah,Morgan,30.45,12832.0
Utah,Piute,38.64,1487.0
Utah,Rich,57.28,2628.0
Utah,Salt Lake,92.15,1186257.0
Utah,San Juan,33.73,14359.0
Utah,Sanpete,30.78,29724.0
Utah,Sevier,52.38,22069.0
Utah,Summit,98.29,43036.0
Utah,Tooele,27.22,79934.0
Utah,Uintah,44.3,37141.0
Utah,Utah,47.57,702434.0
Utah,Wasatch,34.39,36619.0
Utah,Washington,39.73,197680.0
Utah,Wayne,41.45,2645.0
Utah,Weber,47.23,269561.0
Vermont,Addison,44.68,37578.0
Vermont,Bennington,46.03,37392.0
Vermont,Caledonia,38.4,30579.0
Vermont,Chittenden,72.36,169301.0
Vermont,Essex,23.24,5994.0
Vermont,Franklin,42.03,50731.0
Vermont,Grand Isle,26.93,7489.0
Vermont,Lamoille,45.63,26090.0
Vermont,Orange,27.43,29846.0
Vermont,Orleans,40.01,27666.0
Vermont,Rutland,43.3,60366.0
Vermont,Washington,62.7,60048.0
Vermont,Windham,50.4,45842.0
Vermont,Windsor,47.52,58142.0
Virginia,Accomack,56.33,33191.0
Virginia,Albemarle,85590.96019647377,159207.0
Virginia,Alexandria City,95.77,155525.0
Virginia,Alleghany,44485.48519538231,20703.0
Virginia,Amelia,21.74,13455.0
Virginia,Amherst,25.47,31589.0
Virginia,Appomattox,19.3,16748.0
Virginia,Arlington,166.4,234000.0
Virginia,Augusta,46639.05099623134,125774.0
Virginia,Bath,53.07,4049.0
Virginia,Bedford,25.41,80848.0
Virginia,Bland,31.19,6148.0
Virginia,Botetourt,38.83,34135.0
Virginia,Bristol City,55101.35947601466,70689.0
Virginia,Brunswick,50.95,15921.0
Virginia,Buchanan,50.37,19352.0
Virginia,Buckingham,28.72,16982.0
Virginia,Buena Vista City,40153.87759550929,36698.0
Virginia,Campbell,59097.41935004201,134501.0
Virginia,Caroline,24.77,31957.0
Virginia,Carroll,29486.501624285873,35708.0
Virginia,Charles City,33.2,6605.0
Virginia,Charlotte,23.43,11475.0
Virginia,Charlottesville City,85590.96019647377,159207.0
Virginia,Chesapeake City,43.6,252488.0
Virginia,Chesterfield,43.95,378408.0
Virginia,Clarke,29.77,15266.0
Virginia,Colonial Heights City,40995.74195493255,79614.0
Virginia,Covington City,44485.48519538231,20703.0
Virginia,Craig,23.1,4847.0
Virginia,Culpeper,35.23,54381.0
Virginia,Cumberland,15.59,9746.0
Virginia,Danville City,38725.092232867195,102187.0
Virginia,Dickenson,39.35,13725.0
Virginia,Dinwiddie,40995.74195493255,79614.0
Virginia,Emporia City,106113.89148737138,17104.0
Virginia,Essex,33.4,10630.0
Virginia,Fairfax,116836.45328891488,1178489.0
Virginia,Fairfax City,116836.45328891488,1178489.0
Virginia,Falls Church City,116836.45328891488,1178489.0
Virginia,Fauquier,39.48,74664.0
Virginia,Floyd,24.34,15619.0
Virginia,Fluvanna,28.95,28159.0
Virginia,Franklin,28.82,55074.0
Virginia,Frederick,65114.334484994215,121853.0
Virginia,Fredericksburg City,42634.852914678304,172043.0
Virginia,Galax City,29486.501624285873,35708.0
Virginia,Giles,37.88,16453.0
Virginia,Gloucester,23.33,39493.0
Virginia,Goochland,122.59,26109.0
Virginia,Grayson,17.02,15343.0
Virginia,Greene,21.58,21107.0
Virginia,Greensville,106113.89148737138,17104.0
Virginia,Halifax,33.28,33644.0
Virginia,Hampton City,48.5,138037.0
Virginia,Hanover,54.89,112938.0
Virginia,Harrisonburg City,69939.34797973848,135824.0
Virginia,Henrico,92.54,333962.0
Virginia,Henry,42254.74790245432,63765.0
Virginia,Highland,29.38,2301.0
Virginia,Hopewell City,66445.27415934566,66020.0
Virginia,Isle of Wight,32.4,40151.0
Virginia,James City,68003.41461370874,95472.0
Virginia,King George,77.24,27856.0
Virginia,King William,28.69,18492.0
Virginia,King and Queen,22.9,6718.0
Virginia,Lancaster,41.36,10750.0
Virginia,Lee,17.48,21982.0
Virginia,Lexington City,40153.87759550929,36698.0
Virginia,Loudoun,73.51,432085.0
Virginia,Louisa,56.38,40116.0
Virginia,Lunenburg,19.44,12031.0
Virginia,Lynchburg City,59097.41935004201,134501.0
Virginia,Madison,24.95,14000.0
Virginia,Manassas City,45415.32612251049,544182.0
Virginia,Manassas Park City,45415.32612251049,544182.0
Virginia,Martinsville City,42254.74790245432,63765.0
Virginia,Mathews,22.22,8490.0
Virginia,Mecklenburg,36.08,30508.0
Virginia,Middlesex,33.42,10943.0
Virginia,Montgomery,52669.71958389869,114972.0
Virginia,Nelson,36.62,14652.0
Virginia,New Kent,25.71,24986.0
Virginia,Newport News City,78.85,184306.0
Virginia,Norfolk City,86.28,232995.0
Virginia,Northampton,37.27,11900.0
Virginia,Northumberland,32.82,12302.0
Virginia,Norton City,41447.15488515249,39313.0
Virginia,Nottoway,32.64,15559.0
Virginia,Orange,29.34,37991.0
Virginia,Page,25.79,23750.0
Virginia,Patrick,21.31,17643.0
Virginia,Petersburg City,40995.74195493255,79614.0
Virginia,Pittsylvania,38725.092232867195,102187.0
Virginia,Poquoson City,37195.76231599372,83489.0
Virginia,Portsmouth City,63.39,97029.0
Virginia,Powhatan,26.35,31489.0
Virginia,Prince Edward,33.4,21927.0
Virginia,Prince George,66445.27415934566,66020.0
Virginia,Prince William,45415.32612251049,544182.0
Virginia,Pulaski,41.88,33706.0
Virginia,Radford,52669.71958389869,114972.0
Virginia,Rappahannock,39.7,7502.0
Virginia,Richmond,31.69,9080.0
Virginia,Richmond City,107.2,229395.0
Virginia,Roanoke City,76.3,97847.0
Virginia,Rockbridge,40153.87759550929,36698.0
Virginia,Rockingham,69939.34797973848,135824.0
Virginia,Russell,25.56,25448.0
Virginia,Salem City,55451.17331627885,121962.0
Virginia,Scott,19.03,21476.0
Virginia,Shenandoah,38.46,44968.0
Virginia,Smyth,34.68,29449.0
Virginia,Southampton,34332.72318193952,26223.0
Virginia,Spotsylvania,42634.852914678304,172043.0
Virginia,Stafford,38.94,163380.0
Virginia,Staunton City,46639.05099623134,125774.0
Virginia,Suffolk City,41.44,98537.0
Virginia,Surry,167.17,6527.0
Virginia,Sussex,33.81,10680.0
Virginia,Tazewell,28.05,39821.0
Virginia,Virginia Beach City,50.71,455618.0
Virginia,Warren,41.56,41440.0
Virginia,Washington,55101.35947601466,70689.0
Virginia,Waynesboro City,46639.05099623134,125774.0
Virginia,Westmoreland,24.87,18712.0
Virginia,Williamsburg City,68003.41461370874,95472.0
Virginia,Winchester City,65114.334484994215,121853.0
Virginia,Wise,41447.15488515249,39313.0
Virginia,Wythe,51.2,28111.0
Virginia,York,37195.76231599372,83489.0
Washington,Adams,40.49,20961.0
Washington,Asotin,30.66,22508.0
Washington,Benton,56.82,212791.0
Washington,Chelan,60.22,79926.0
Washington,Clallam,34.68,77805.0
Washington,Clark,47.39,516779.0
Washington,Columbia,83.93,4026.0
Washington,Cowlitz,48.89,111956.0
Washington,Douglas,42.03,44192.0
Washington,Ferry,25.44,7448.0
Washington,Franklin,41.59,98678.0
Washington,Garfield,68.4,2363.0
Washington,Grant,56.07,101311.0
Washington,Grays Harbor,34.41,77038.0
Washington,Island,40.9,86625.0
Washington,Jefferson,34.07,33589.0
Washington,King,157.5,2266789.0
Washington,Kitsap,47.11,277673.0
Washington,Kittitas,41.95,45189.0
Washington,Klickitat,71.27,23271.0
Washington,Lewis,40.74,85370.0
Washington,Lincoln,41.67,11601.0
Washington,Mason,24.59,68166.0
Washington,Okanogan,34.57,43127.0
Washington,Pacific,31.42,24113.0
Washington,Pend Oreille,34.29,14179.0
Washington,Pierce,50.95,927380.0
Washington,San Juan,46.5,18662.0
Washington,Skagit,51.31,131179.0
Washington,Skamania,23.76,12460.0
Washington,Snohomish,56.67,840079.0
Washington,Spokane,52.48,549690.0
Washington,Stevens,23.77,48229.0
Washington,Thurston,49.29,298758.0
Washington,Wahkiakum,20.95,4688.0
Washington,Walla Walla,53.41,61890.0
Washington,Whatcom,61.92,230677.0
Washington,Whitman,54.9,47619.0
Washington,Yakima,41.54,257001.0
West Virginia,Barbour,24.91,15414.0
West Virginia,Berkeley,32.05,129490.0
West Virginia,Boone,28.02,20968.0
West Virginia,Braxton,24.76,12185.0
West Virginia,Brooke,45.18,21733.0
West Virginia,Cabell,52.36,92730.0
West Virginia,Calhoun,19.39,6068.0
West Virginia,Clay,15.89,7814.0
West Virginia,Doddridge,76.51,7698.0
West Virginia,Fayette,25.51,39487.0
West Virginia,Gilmer,23.9,7325.0
West Virginia,Grant,41.97,10968.0
West Virginia,Greenbrier,35.56,32435.0
West Virginia,Hampshire,19.18,23468.0
West Virginia,Hancock,33.92,28172.0
West Virginia,Hardy,43.3,14192.0
West Virginia,Harrison,66.92,64915.0
West Virginia,Jackson,28.95,27716.0
West Virginia,Jefferson,31.93,58979.0
West Virginia,Kanawha,60.58,175515.0
West Virginia,Lewis,31.95,16767.0
West Virginia,Lincoln,12.32,19901.0
West Virginia,Logan,38.73,31316.0
West Virginia,Marion,36.35,55952.0
West Virginia,Marshall,84.32,29752.0
West Virginia,Mason,31.12,25000.0
West Virginia,McDowell,27.45,17850.0
West Virginia,Mercer,28.63,58700.0
West Virginia,Mineral,34.13,26855.0
West Virginia,Mingo,19.42,22573.0
West Virginia,Monongalia,66.86,106869.0
West Virginia,Monroe,17.16,12296.0
West Virginia,Morgan,19.55,17430.0
West Virginia,Nicholas,25.38,24335.0
West Virginia,Ohio,83.81,41447.0
West Virginia,Pendleton,26.19,6011.0
West Virginia,Pleasants,68.23,7586.0
West Virginia,Pocahontas,35.25,7819.0
West Virginia,Preston,22.66,34172.0
West Virginia,Putnam,49.41,57015.0
West Virginia,Raleigh,41.38,72882.0
West Virginia,Randolph,31.87,27600.0
West Virginia,Ritchie,74.6,8207.0
West Virginia,Roane,20.9,13834.0
West Virginia,Summers,17.89,11762.0
West Virginia,Taylor,32.56,16342.0
West Virginia,Tucker,45.34,6568.0
West Virginia,Tyler,141.56,8183.0
West Virginia,Upshur,30.04,23712.0
West Virginia,Wayne,25.51,37998.0
West Virginia,Webster,17.21,8167.0
West Virginia,Wetzel,61.8,14025.0
West Virginia,Wirt,16.81,5091.0
West Virginia,Wood,43.04,83340.0
West Virginia,Wyoming,25.99,20527.0
Wisconsin,Adams,27.29,21226.0
Wisconsin,Ashland,42.62,16039.0
Wisconsin,Barron,45.29,46843.0
Wisconsin,Bayfield,25.82,16608.0
Wisconsin,Brown,69.69,270036.0
Wisconsin,Buffalo,39.03,13391.0
Wisconsin,Burnett,30.47,17036.0
Wisconsin,Calumet,31.35,52718.0
Wisconsin,Chippewa,41.58,66807.0
Wisconsin,Clark,37.94,34691.0
Wisconsin,Columbia,48.08,58193.0
Wisconsin,Crawford,44.25,16007.0
Wisconsin,Dane,81.57,568203.0
Wisconsin,Dodge,43.1,88282.0
Wisconsin,Door,45.25,30526.0
Wisconsin,Douglas,40.24,44144.0
Wisconsin,Dunn,41.47,45651.0
Wisconsin,Eau Claire,59.53,106837.0
Wisconsin,Florence,26.62,4688.0
Wisconsin,Fond Du Lac,55746.24863456047,104362.0
Wisconsin,Forest,31.31,9381.0
Wisconsin,Grant,43.02,51276.0
Wisconsin,Green,49.53,36816.0
Wisconsin,Green Lake,33.25,19220.0
Wisconsin,Iowa,47.52,23865.0
Wisconsin,Iron,26.66,6224.0
Wisconsin,Jackson,39.53,20836.0
Wisconsin,Jefferson,42.13,85784.0
Wisconsin,Juneau,35.75,26866.0
Wisconsin,Kenosha,45.42,167817.0
Wisconsin,Kewaunee,36.62,20623.0
Wisconsin,La Crosse,62.77,120294.0
Wisconsin,Lafayette,35.26,16877.0
Wisconsin,Langlade,36.41,19559.0
Wisconsin,Lincoln,46.04,28376.0
Wisconsin,Manitowoc,48.56,81172.0
Wisconsin,Marathon,63.83,137958.0
Wisconsin,Marinette,45.57,41988.0
Wisconsin,Marquette,27.05,15779.0
Wisconsin,Menominee,39.53,4197.0
Wisconsin,Milwaukee,64.4,918661.0
Wisconsin,Monroe,49.76,46109.0
Wisconsin,Oconto,25.95,39633.0
Wisconsin,Oneida,45.71,38212.0
Wisconsin,Outagamie,65.87,192127.0
Wisconsin,Ozaukee,55.25,93009.0
Wisconsin,Pepin,39.12,7410.0
Wisconsin,Pierce,27.42,42532.0
Wisconsin,Polk,34.4,45709.0
Wisconsin,Portage,59.11,70718.0
Wisconsin,Price,39.58,14179.0
Wisconsin,Racine,43.05,195846.0
Wisconsin,Richland,39.45,17090.0
Wisconsin,Rock,46.86,164060.0
Wisconsin,Rusk,36.4,14186.0
Wisconsin,Sauk,61.4,65777.0
Wisconsin,Sawyer,36.72,18559.0
Wisconsin,Shawano,31.73,40886.0
Wisconsin,Sheboygan,59.19,117841.0
Wisconsin,St Croix,43.51,96017.0
Wisconsin,Taylor,40.37,19975.0
Wisconsin,Trempealeau,43.87,30899.0
Wisconsin,Vernon,33.54,31060.0
Wisconsin,Vilas,36.67,23763.0
Wisconsin,Walworth,43.15,105380.0
Wisconsin,Washburn,34.91,16911.0
Wisconsin,Washington,48.47,137688.0
Wisconsin,Waukesha,77.15,410434.0
Wisconsin,Waupaca,37.39,51488.0
Wisconsin,Waushara,26.6,24999.0
Wisconsin,Winnebago,63.84,170718.0
Wisconsin,Wood,54.37,73993.0
Wyoming,Albany,41.01,38031.0
Wyoming,Big Horn,40.37,11855.0
Wyoming,Campbell,102.1,47058.0
Wyoming,Carbon,88.02,14542.0
Wyoming,Converse,92.01,13786.0
Wyoming,Crook,41.95,7448.0
Wyoming,Fremont,38.16,39472.0
Wyoming,Goshen,37.08,12562.0
Wyoming,Hot Springs,56.35,4588.0
Wyoming,Johnson,45.48,8730.0
Wyoming,Laramie,59.43,100723.0
Wyoming,Lincoln,40.56,20660.0
Wyoming,Natrona,62.83,79601.0
Wyoming,Niobrara,48.52,2380.0
Wyoming,Park,46.16,30518.0
Wyoming,Platte,60.19,8645.0
Wyoming,Sheridan,45.17,32096.0
Wyoming,Sublette,106.85,8763.0
Wyoming,Sweetwater,79.54,41345.0
Wyoming,Teton,154.23,23287.0
Wyoming,Uinta,38.66,20712.0
Wyoming,Washakie,44.86,7719.0
Wyoming,Weston,41.64,6860.0
